,f0,f1,f2,f3,f4,f5,f6,Actual SailTime,Predicted SailTime
0,-0.70212480904971,-0.8090366263941299,-0.4619695715693888,0.6177911797547156,-1.1486495609464378,-0.16890589410001625,0.08723382681817421,391.41583333333335,419.51547
1,1.210662498087402,1.2594598633604825,-1.5972180169896415,-1.087739904213104,-1.1486495609464378,-0.15630794067266923,-1.560429305729724,305.3661111111112,316.08768
2,-0.7233457000997103,-0.8103214865677273,-1.2188018685162239,-0.5574102253164616,-1.253769756540546,-0.15630794067266923,-0.9654398411985422,398.0963888888888,413.68613
3,-0.7520395642434741,-0.7992656234179196,1.2409030965609902,0.601468938017616,0.80358264294407,-0.15630794067266923,0.5449180303037006,364.7522222222222,408.5402
4,1.283814142089402,1.2842489032065432,-0.4619695715693888,-1.086594483740325,-1.1987067969436274,-0.16890589410001625,-0.8281345801528786,386.98388888888877,332.03638
5,1.399035287188754,1.375361905300251,-1.7864260912263503,-1.5496307098612054,-1.2037125205433563,-0.23189566123676034,-1.6977345667753796,410.4025,344.10052
6,1.410253966464559,1.3832630010556655,0.6732788738508639,-0.4766580819855473,-1.1486495609464378,-0.23189566123676034,0.45338118960659696,331.54777777777775,361.1019
7,1.4245058620128777,1.4010172749958452,1.6193192450344078,0.6177911797547156,0.8536398789412596,-0.15630794067266923,0.5449180303037006,330.39472222222224,359.71613
8,-0.7417150584932778,-0.8257930516389805,1.2409030965609902,0.597173611244695,0.8236055373429431,-0.1815038475273633,0.6364548710008123,446.5827777777778,415.06512
9,-0.7416773934434794,-0.8119739448037296,0.6732788738508639,-0.6994423639410483,-1.1586610081458812,-0.1815038475273633,0.5449180303037006,402.45333333333326,423.66754
10,-0.7824362207197718,-0.7211509388765911,1.6193192450344078,0.6149276285727684,0.848634155341545,-0.15630794067266923,0.45338118960659696,364.7727777777778,397.14597
11,-0.7291202503562761,-0.8152074213170374,-2.1648422396997677,-1.64613238469283,-1.1486495609464378,-0.15630794067266923,-2.109650349912362,372.4947222222222,405.88144
12,-0.7807468864328734,-0.6133513147321767,-0.8403857200428064,0.9462405003240725,0.848634155341545,-0.15630794067266923,0.45338118960659696,354.2438888888889,406.3708
13,1.4183077328784162,1.4308362848718226,-0.08355342309597123,-1.3108105412867996,-1.1486495609464378,-0.23189566123676034,-1.011208261547094,369.96055555555563,358.10898
14,-0.7553527777771342,-0.38531496657188957,0.8624869480875726,-0.6845518977949223,-1.1586610081458812,-0.1815038475273633,0.5449180303037006,348.45805555555563,345.9025
15,1.315018106524024,1.3105512763016558,-1.7864260912263503,-1.212304380627812,-1.1486495609464378,-0.16890589410001625,-0.7823661598043268,354.9655555555556,332.33447
16,1.3736821643992683,1.3552729311465417,-1.0295937942795153,-0.9167858986508494,-1.1486495609464378,-0.15630794067266923,-1.3773556243355167,350.3886111111111,344.32803
17,1.343493670680789,1.346776582635543,1.6193192450344078,0.7131474341135612,0.8536398789412596,-0.1815038475273633,1.551823277971865,365.34277777777777,353.58115
18,-0.718004166830966,-0.8070605701781005,0.8624869480875726,0.6424177199194626,0.848634155341545,-0.15630794067266923,0.45338118960659696,477.6847222222222,410.51144
19,-0.6997547947793314,-0.8106406556554363,-1.2188018685162239,-1.786732747726443,-1.1987067969436274,-0.23189566123676034,-1.7435029871239394,439.93666666666667,417.00363
20,1.414464150000843,1.3923338057844057,0.6732788738508639,0.6870891183578407,0.848634155341545,-0.15630794067266923,0.31607592856094147,364.43916666666667,358.63965
21,1.3998831440637984,1.3670076183243707,1.6193192450344078,0.6870891183578407,0.8536398789412596,-0.1815038475273633,1.4145180169262097,368.1369444444445,360.09848
22,-0.7037770026262505,-0.8245660559063223,0.10565465114073755,0.6670442600842095,0.8536398789412596,-0.15630794067266923,0.7737601320464679,479.21472222222224,430.61868
23,-0.7661583649638508,-0.49577688454097446,-1.0295937942795153,2.149791062096528,0.8536398789412596,5.185224312523536,-0.8739030005014304,349.08,384.47153
24,-0.7655427904608807,-0.5897573537100038,-1.7864260912263503,-1.5642348208891368,-1.2037125205433563,-0.15630794067266923,-1.0569766818956459,340.17277777777775,373.3058
25,1.4173711752480456,1.415133935998687,-0.8403857200428064,-0.6055178851731764,-1.1486495609464378,-0.15630794067266923,-0.6450608987586712,378.16,357.29776
26,-0.7304749686903252,-0.8203530720886988,0.29486272537744634,-1.3185421294780573,-1.1486495609464378,-0.23189566123676034,-0.5077556377130077,423.5119444444445,434.89432
27,-0.7161307894005051,-0.8286850220424532,-1.4080099427529327,-0.7693130127805627,-1.1486495609464378,-0.15630794067266923,-1.0569766818956459,423.6330555555555,416.78928
28,-0.7286319155574976,-0.7841303653220411,-1.2188018685162239,-0.489830417422505,-1.1486495609464378,-0.15630794067266923,-1.5146608853811723,405.365,405.77515
29,-0.7682738998258459,-0.36903859474221745,1.0516950223242816,0.6358315522009838,0.8536398789412596,-0.15630794067266923,0.45338118960659696,311.41194444444443,331.72116
30,-0.6725892927142793,-0.5982172119995113,1.0516950223242816,0.5092625899589125,0.8536398789412596,-0.16890589410001625,0.5449180303037006,414.7811111111112,369.17154
31,1.2535149253591023,1.2751372275041277,0.10565465114073755,0.07056654888458418,0.8536398789412596,-0.15630794067266923,1.1399074948348906,328.94416666666666,335.32938
32,-0.7307144170347512,-0.7938652631978317,-0.27276149733268,-0.6796838607856118,-1.1486495609464378,-0.15630794067266923,-1.0569766818956459,389.0877777777778,419.30728
33,-0.7293600482603292,-0.789948148643113,1.6193192450344078,0.7157246301773138,0.8536398789412596,-0.15630794067266923,0.5449180303037006,375.1794444444445,405.15622
34,-0.7356383139392573,-0.7834713268890494,-1.2188018685162239,-0.7856352545176624,-1.143643837346723,-0.23189566123676034,-0.5077556377130077,445.8275,420.40018
35,-0.7821250252619241,-0.8149386068093802,-1.0295937942795153,-1.6761996721032768,-1.1486495609464378,-0.15630794067266923,-1.1942819429413012,399.3713888888889,425.99405
36,-0.7106017173919292,-0.8279263335323037,1.430111170797699,0.7234562183685715,0.8536398789412596,-0.1815038475273633,1.4145180169262097,420.4877777777778,427.1668
37,1.3007138644215772,1.3034288953520898,-1.2188018685162239,-0.7856352545176624,-1.1486495609464378,-0.23189566123676034,-0.5077556377130077,311.86833333333334,336.4177
38,-0.7745868592977442,-0.4733372757894159,1.0516950223242816,0.4058883922906145,0.8536398789412596,-0.15630794067266923,0.6822232913493642,334.85777777777776,357.05258
39,-0.7303150451610186,-0.8053409083151839,-1.7864260912263503,-1.43308417675595,-1.1486495609464378,-0.15630794067266923,-1.0569766818956459,375.57388888888886,413.54013
40,-0.73360527514921,-0.8284708947268984,0.10565465114073755,0.45199156631996623,0.8536398789412596,-0.16890589410001625,0.8652969727435715,453.7886111111112,437.96143
41,-0.7070911774488845,-0.82016758815281,-1.7864260912263503,-1.8440037713653892,-1.1486495609464378,-0.15630794067266923,-2.109650349912362,415.03527777777776,408.68988
42,1.402866198529852,1.3785102700568368,0.6732788738508639,-0.10811904486892816,0.9537543509356388,-0.15630794067266923,1.322981176229098,362.9780555555557,357.81985
43,-0.7370431940797662,-0.8060941088500698,0.8624869480875726,0.11122897566823602,-1.183689626144469,-0.15630794067266923,0.08723382681817421,444.885,418.38583
44,-0.7105141527053911,-0.8187295942132999,0.6732788738508639,0.6870891183578407,0.848634155341545,-0.15630794067266923,0.31607592856094147,407.4522222222223,412.48416
45,-0.7299584069516744,-0.8257691259924358,0.29486272537744634,0.5307392238235173,0.8536398789412596,-0.15630794067266923,1.002602233789235,449.5886111111112,434.8826
46,1.4180507191627383,1.4016968692660094,-1.7864260912263503,-1.7555200398432174,-1.1486495609464378,-0.15630794067266923,-2.109650349912362,353.24888888888887,343.95312
47,1.3397941063694985,1.353442595115805,0.29486272537744634,0.7031250049767456,0.8536398789412596,-0.15630794067266923,0.5449180303037006,344.47527777777776,350.86926
48,-0.7382960157825739,-0.7780974437426024,-1.0295937942795153,-0.9505758025978276,-1.1486495609464378,-0.15630794067266923,-1.3773556243355167,365.8902777777778,409.98184
49,-0.7292693375371486,-0.813197281886212,-0.08355342309597123,0.029617766982737596,0.8386227081421013,-0.15630794067266923,1.322981176229098,438.7275,448.73355
50,-0.7563159893290555,-0.8266268387580029,-0.08355342309597123,0.7509463097152658,0.848634155341545,-0.15630794067266923,0.45338118960659696,447.6475,431.7162
51,1.339518303823875,1.3462854088494354,0.4840707996141551,-1.0768584097217042,-1.1987067969436274,-0.16890589410001625,-0.3704503766673522,318.4269444444444,346.73383
52,1.4301862933399008,1.4120191730555594,-1.2188018685162239,-1.1584696184072025,-1.1486495609464378,-0.15630794067266923,-1.6519661464268276,334.56777777777785,352.06906
53,-0.73154374724957,-0.7959617660288606,-1.0295937942795153,-1.0107103774187212,-1.1486495609464378,-0.15630794067266923,-1.3773556243355167,462.1361111111111,413.24777
54,-0.7823670953035522,-0.7468613327452243,1.430111170797699,0.589728378171632,0.8536398789412596,-0.15630794067266923,0.7737601320464679,448.2188888888888,404.28427
55,-0.7470094012123905,-0.8184115804888045,0.4840707996141551,0.6209410860548578,0.8536398789412596,-0.15630794067266923,0.5449180303037006,427.6136111111112,422.96985
56,-0.7233806560624003,-0.8045665261213852,-0.08355342309597123,1.108603852340485,0.8536398789412596,-0.1815038475273633,0.7737601320464679,437.8780555555555,430.94186
57,1.4263822107001671,1.4147796246132365,0.10565465114073755,-0.02851232201079286,0.8536398789412596,-0.15630794067266923,1.2314443355319942,372.76611111111123,363.99487
58,-0.7191328948662244,-0.8081616313204953,0.6732788738508639,0.7019795845039667,0.848634155341545,-0.15630794067266923,0.45338118960659696,446.5844444444445,413.37668
59,-0.7637983131428387,-0.803561648966508,0.4840707996141551,0.7747137845254284,0.848634155341545,-0.15630794067266923,0.45338118960659696,407.2805555555556,418.33597
60,-0.6727742971468159,-0.5610466259965055,0.4840707996141551,-0.470644624503458,-1.2087182441430708,-0.15630794067266923,0.08723382681817421,357.73444444444436,369.31317
61,-0.7301476934896406,-0.8140875855224243,1.2409030965609902,0.47203642459359746,0.8536398789412596,-0.15630794067266923,-0.5992924784101195,478.09166666666664,410.6712
62,-0.7386618299321241,-0.7786943332627385,0.10565465114073755,0.7569597671973551,0.848634155341545,-0.15630794067266923,0.45338118960659696,437.44138888888887,418.2895
63,-0.7438947375468095,-0.7799841037299928,0.29486272537744634,0.6114913671544316,0.8386227081421013,-0.15630794067266923,0.5449180303037006,441.41694444444437,418.51797
64,1.4181924655914462,1.428496626224501,-1.2188018685162239,-0.7856352545176624,-1.143643837346723,-0.23189566123676034,-0.5077556377130077,387.0275,358.20862
65,1.2525840480726689,1.2844961990743502,-0.27276149733268,0.7635459349158339,0.848634155341545,-0.15630794067266923,0.45338118960659696,290.00333333333333,338.3647
66,-0.7330387263839124,-0.7859806795083425,1.2409030965609902,0.6464266915741889,0.8536398789412596,-0.15630794067266923,0.45338118960659696,438.7927777777778,404.0573
67,-0.7261692679859907,-0.7877504071105076,0.6732788738508639,0.6218001514094419,0.8536398789412596,-0.15630794067266923,0.5449180303037006,457.5822222222222,412.55753
68,1.266947627921782,1.2888546623765973,0.29486272537744634,0.6192229553456894,0.8536398789412596,-0.15630794067266923,0.5449180303037006,320.69166666666666,337.58038
69,-0.7691041913296391,-0.7929241235802286,0.29486272537744634,0.5619519317067431,0.8536398789412596,-0.15630794067266923,0.8652969727435715,463.7444444444445,429.0895
70,-0.6677214127399839,-0.5583440870199008,-0.8403857200428064,-1.4786146405489122,-1.1486495609464378,-0.15630794067266923,-0.3704503766673522,380.525,373.2927
71,-0.7127846298720094,-0.8122403523046919,-0.27276149733268,1.175897305116247,0.8536398789412596,-0.1815038475273633,1.0483706541377869,385.34166666666664,440.99704
72,1.3595856481051065,1.3642549173282492,0.4840707996141551,-1.3185421294780573,-1.1486495609464378,-0.23189566123676034,-0.5077556377130077,322.5930555555556,349.90594
73,-0.6736153376091358,-0.584197649646731,0.10565465114073755,-0.18973025355442658,0.8536398789412596,-0.14370998724531325,1.322981176229098,383.0002777777778,400.5713
74,-0.7351825755756872,-0.7895261522294093,0.8624869480875726,0.6873754734760353,0.8536398789412596,-0.15630794067266923,0.5449180303037006,405.9372222222222,409.79337
75,1.358005900761241,1.340557743859011,0.6732788738508639,0.6807893057575566,0.8536398789412596,-0.15630794067266923,0.31607592856094147,325.04555555555555,348.79813
76,1.442745096835332,1.411176720712436,-0.4619695715693888,-0.8328838490197931,-1.1786839025447544,-0.15630794067266923,-0.8739030005014304,375.52388888888885,359.56393
77,-0.7446155294974763,-0.8009376746884164,0.10565465114073755,-1.1304068168241188,-1.1486495609464378,-0.15630794067266923,-0.5992924784101195,414.2111111111112,427.32874
78,1.4548501719350473,1.4265440142536772,0.29486272537744634,0.5845739860441268,0.8886799441392909,-0.15630794067266923,0.7737601320464679,384.8777777777778,369.76248
79,1.3038877784439178,1.3104916306757626,-1.2188018685162239,-0.7976621694818411,-1.1486495609464378,-0.23189566123676034,-0.5077556377130077,346.25833333333327,337.18954
80,-0.7200903386843024,-0.7914612893316296,-0.6511776458060976,-0.8443380537475823,-1.1786839025447544,-0.15630794067266923,-0.8739030005014304,411.70888888888885,416.74203
81,-0.7407145314511848,-0.7777737976224414,1.6193192450344078,0.5957418356537214,0.8236055373429431,-0.1815038475273633,0.6364548710008123,430.48694444444436,406.0813
82,-0.6985915477309167,-0.8197904102037604,1.6193192450344078,0.5665336135978588,0.8536398789412596,-0.15630794067266923,0.5449180303037006,442.1336111111111,409.5274
83,1.3434505000668673,1.344466145049495,0.29486272537744634,0.5052536183041862,0.8536398789412596,-0.15630794067266923,1.002602233789235,402.46222222222224,352.25436
84,-0.7432102997973403,-0.7932139271862628,-0.8403857200428064,-1.0894580349222722,-1.1486495609464378,-0.15630794067266923,-1.5146608853811723,469.9,414.54526
85,-0.7161485295515702,-0.8264777006232031,0.10565465114073755,-0.9869429026085585,-1.1486495609464378,-0.15630794067266923,-0.3704503766673522,429.10277777777776,428.24417
86,-0.7783882328503691,-0.8078451580802845,-1.9756341654630591,-1.370945116107693,-1.1486495609464378,-0.15630794067266923,-0.27891353597024854,407.5280555555556,428.38547
87,-0.7267182513800365,-0.8064502495606083,1.6193192450344078,0.6919571553671511,0.8536398789412596,-0.15630794067266923,0.5449180303037006,401.6055555555557,408.23782
88,-0.6755678902950897,-0.5559146470228694,-0.6511776458060976,0.8944102239308261,0.848634155341545,-0.15630794067266923,0.45338118960659696,421.04166666666674,384.8303
89,1.4488291821415171,1.4109013591465693,-0.8403857200428064,-1.2102998948004489,-1.1736781789450397,-0.23189566123676034,-2.2469556109580178,329.82555555555564,355.57346
90,-0.7439794183664259,-0.8006729520921402,0.6732788738508639,0.6807893057575566,0.848634155341545,-0.15630794067266923,0.45338118960659696,365.6180555555555,414.0603
91,-0.7782756746505077,-0.47277451762420974,1.0516950223242816,1.518950736713535,0.80358264294407,3.2955312984211056,0.6364548710008123,358.3938888888888,347.4826
92,-0.6732512712577201,-0.5729566876821058,0.4840707996141551,-0.470644624503458,-1.2087182441430708,-0.15630794067266923,0.08723382681817421,343.4475,371.51962
93,1.418772821962006,1.3778308683472085,1.2409030965609902,0.47203642459359746,0.8536398789412596,-0.15630794067266923,-0.5992924784101195,377.89,351.92883
94,-0.775323818381155,-0.4606088318276387,-0.27276149733268,0.7999130349265647,-1.1536552845461525,-0.15630794067266923,0.9110653930921233,375.59722222222223,365.8721
95,-0.729743515171038,-0.8075024966072359,0.6732788738508639,-0.7014468497684114,-1.1586610081458812,-0.1815038475273633,0.5449180303037006,425.88583333333327,422.03354
96,1.4269433412912476,1.4120875801858201,-0.08355342309597123,-1.1770827010898601,-1.1486495609464378,-0.15630794067266923,-0.4619872173644558,353.4063888888888,358.05988
97,-0.7391774303818008,-0.7857295805699579,1.0516950223242816,0.6358315522009838,0.8536398789412596,-0.15630794067266923,0.45338118960659696,428.6927777777778,405.53738
98,-0.7235098183445395,-0.7830282450967005,-0.6511776458060976,-1.4708830523576544,-1.1486495609464378,-0.15630794067266923,-0.3704503766673522,420.9694444444444,422.54477
99,1.3190899518379626,1.3236482811285153,0.4840707996141551,0.7664094860977813,0.8536398789412596,-0.15630794067266923,0.5449180303037006,369.31388888888887,346.38568
100,-0.7223210534433611,-0.7806053040177449,1.2409030965609902,0.4963766096401496,0.8536398789412596,-0.15630794067266923,1.0941390744863388,397.16944444444437,413.75427
101,-0.7121229134982892,-0.7981349560931807,1.0516950223242816,0.6358315522009838,0.8536398789412596,-0.15630794067266923,0.45338118960659696,351.26555555555564,405.84872
102,-0.7319918826912553,-0.7930312835182738,0.4840707996141551,0.7646913553886129,0.8536398789412596,-0.15630794067266923,0.5449180303037006,439.2522222222222,415.75513
103,-0.7207630661862702,-0.7856129851656697,0.4840707996141551,0.6126367876272105,0.8536398789412596,-0.15630794067266923,0.5449180303037006,454.2472222222222,414.98685
104,1.4163288758305381,1.401619363650441,0.4840707996141551,-1.1604741042345657,-1.1987067969436274,-0.16890589410001625,-0.3704503766673522,330.24916666666667,358.79483
105,-0.725017731185077,-0.7960328208664863,0.6732788738508639,1.4745656933933518,0.8286112609426577,3.2955312984211056,0.6364548710008123,365.8683333333333,395.6735
106,-0.7187291534971556,-0.8194304664226444,1.6193192450344078,0.6458539813377994,0.8536398789412596,-0.15630794067266923,0.5449180303037006,380.8555555555557,410.4175
107,-0.7437342896780623,-0.8140655854812355,0.10565465114073755,0.46487754663872916,0.8536398789412596,-0.16890589410001625,0.8652969727435715,462.73333333333335,435.92767
108,1.2307389309189332,1.2662787689059887,-1.4080099427529327,-0.8348883348471562,-1.1786839025447544,-0.15630794067266923,-0.8739030005014304,299.0833333333333,322.53323
109,-0.6733977367413911,-0.593188734313745,1.2409030965609902,0.48320427420319195,0.8536398789412596,-0.15630794067266923,0.5449180303037006,325.7255555555556,366.86392
110,-0.741806817895339,-0.7783833961379253,-1.2188018685162239,-0.841474502565635,-1.1786839025447544,-0.15630794067266923,-0.8739030005014304,423.9497222222223,411.73053
111,-0.7307675500980398,-0.822272659927672,-0.4619695715693888,-1.2429443782746483,-1.1486495609464378,-0.15630794067266923,-0.5077556377130077,441.3894444444445,430.16763
112,1.3872752274407882,1.3628921664180134,-1.2188018685162239,-0.9262356175512755,-1.1486495609464378,-0.15630794067266923,-1.5146608853811723,359.1302777777778,345.41357
113,1.272065268249497,1.274306136232603,0.4840707996141551,0.6487175325197466,0.8536398789412596,-0.15630794067266923,0.5449180303037006,313.23472222222216,336.74017
114,-0.6956360210854818,-0.8217541425455133,0.29486272537744634,-1.0688404664122517,-1.1987067969436274,-0.16890589410001625,-0.3704503766673522,431.47777777777776,426.82922
115,-0.7303444081696782,-0.8245839640361304,0.10565465114073755,0.7469373380605395,0.848634155341545,-0.15630794067266923,0.45338118960659696,441.405,426.27463
116,-0.727768503279056,-0.7909609689200825,-0.4619695715693888,-1.0476501876658415,-1.1486495609464378,-0.15630794067266923,-1.3773556243355167,358.86916666666673,416.38727
117,1.415739430909679,1.4070761922475858,-0.08355342309597123,0.7483691136515132,0.848634155341545,-0.15630794067266923,0.45338118960659696,379.2422222222222,364.15817
118,-0.7688837065949723,-0.4617984708163963,-1.0295937942795153,-0.8443380537475823,-1.1786839025447544,-0.15630794067266923,-0.8739030005014304,397.00416666666666,351.89914
119,-0.7768864373033022,-0.6973954677052083,0.4840707996141551,-1.0147193490734474,-1.1486495609464378,-0.15630794067266923,-0.3704503766673522,342.3747222222222,407.6395
120,1.4323430762378706,1.4170694100818448,0.8624869480875726,0.6853709876486722,0.848634155341545,-0.15630794067266923,0.45338118960659696,338.9608333333333,362.5712
121,1.1724673411147903,1.2319059430644272,0.29486272537744634,3.851599529527816,0.9537543509356388,7.074917326625966,2.6044969459885814,369.51166666666666,390.78714
122,-0.7766835179398871,-0.3711765462285279,0.29486272537744634,-0.041111947211361036,0.8536398789412596,-0.15630794067266923,1.2314443355319942,333.33944444444444,363.4227
123,1.3333903487845136,1.326408251284854,0.4840707996141551,0.4740409104209606,0.8185998137432283,-0.15630794067266923,0.5449180303037006,342.2763888888889,345.23538
124,-0.7111180169608595,-0.8028258751600914,1.0516950223242816,0.46917287341165015,0.8536398789412596,-0.15630794067266923,0.5449180303037006,374.5994444444444,409.90375
125,-0.7554360603582428,-0.8157660875708627,0.6732788738508639,0.6172184695183263,0.8586456025409743,-0.15630794067266923,0.6364548710008123,401.5577777777778,421.67563
126,-0.731126198275239,-0.7980359799778971,-0.08355342309597123,-0.023930640119677157,0.8536398789412596,-0.15630794067266923,1.1399074948348906,450.8936111111112,443.7648
127,-0.6723470478928377,-0.5982103761004988,-1.7864260912263503,-1.3826856759536772,-1.1486495609464378,-0.15630794067266923,-0.3704503766673522,452.3194444444445,376.80563
128,-0.6707929057916426,-0.5697237888504048,0.10565465114073755,-1.0058423404094108,-1.1486495609464378,-0.15630794067266923,-0.3704503766673522,381.54444444444437,376.1242
129,1.42349371211319,1.3942859363538909,-1.9756341654630591,-1.8978385335859989,-1.1486495609464378,-0.1815038475273633,-1.9723450888666987,366.6838888888889,344.83725
130,-0.7814220608522292,-0.7541427205570375,1.6193192450344078,0.4562868930928872,0.8536398789412596,-0.15630794067266923,0.5449180303037006,411.02777777777777,405.0811
131,-0.7279870654357744,-0.7942489882050907,0.29486272537744634,0.715438275059119,0.8536398789412596,-0.15630794067266923,0.7737601320464679,425.4586111111112,423.20764
132,-0.7410049281112316,-0.8044156549417654,0.6732788738508639,0.6578808963019781,0.8536398789412596,-0.15630794067266923,0.31607592856094147,354.4861111111112,412.51028
133,1.3468172836133494,1.3514656242372316,1.6193192450344078,0.7157246301773138,0.8536398789412596,-0.15630794067266923,0.5449180303037006,367.8247222222223,348.68488
134,-0.6622776332803715,-0.5645805450854379,0.29486272537744634,0.24152055444683876,0.8536398789412596,-0.1815038475273633,0.5449180303037006,399.3947222222222,377.7643
135,-0.772537915544673,-0.5188926696131906,0.4840707996141551,0.6126367876272105,0.8536398789412596,-0.15630794067266923,0.5449180303037006,392.7355555555557,369.3909
136,-0.7536249045413698,-0.8027443257732773,0.4840707996141551,-1.0046969199366318,-1.1486495609464378,-0.15630794067266923,-0.32468195631880037,463.81111111111113,425.67654
137,1.4162379029376377,1.4260918339760231,0.10565465114073755,-1.325414652314731,-1.1486495609464378,-0.23189566123676034,-0.5077556377130077,357.1461111111112,359.27408
138,1.4201734199970855,1.4248246893716983,0.29486272537744634,0.5210031498048965,-1.1536552845461525,-0.15630794067266923,0.9110653930921233,360.8127777777778,361.99136
139,-0.7559160931158825,-0.5180947468939183,0.4840707996141551,0.44655081907426636,0.8536398789412596,-0.15630794067266923,0.5449180303037006,430.8225,369.57922
140,1.4079099069964778,1.4036095249257017,0.10565465114073755,0.6670442600842095,0.8536398789412596,-0.15630794067266923,0.7737601320464679,362.2625,363.97794
141,1.4123921353123963,1.3805816918781075,0.29486272537744634,0.5619519317067431,0.8536398789412596,-0.15630794067266923,0.8652969727435715,368.29333333333335,361.97913
142,1.3691355297220937,1.3537990728072813,-1.2188018685162239,-0.7856352545176624,-1.1486495609464378,-0.23189566123676034,-0.5077556377130077,333.92555555555555,347.62408
143,1.3201002665496089,1.3250707739449115,-1.7864260912263503,-0.9239447766057176,-1.1486495609464378,-0.15630794067266923,-1.3773556243355167,336.4919444444445,333.69736
144,-0.7397864506417668,-0.797114192694119,0.10565465114073755,0.7618278042066655,0.848634155341545,-0.15630794067266923,0.45338118960659696,428.8663888888889,421.7457
145,-0.7451934389506478,-0.7812835503641596,0.4840707996141551,0.5456296899696433,0.8536398789412596,-0.16890589410001625,0.8652969727435715,359.41,422.89154
146,1.2304024797780424,1.2689466951263244,-0.27276149733268,0.7979085490992016,-1.2187296913425003,-0.15630794067266923,0.45338118960659696,302.11555555555555,329.84863
147,-0.6728168560313907,-0.5970390785027543,-1.2188018685162239,-1.6953854650223237,-1.1486495609464378,-0.15630794067266923,-1.5146608853811723,332.4944444444445,368.66068
148,-0.6781281523924081,-0.5642786583057966,0.10565465114073755,0.753809860897213,0.848634155341545,-0.15630794067266923,0.45338118960659696,358.6536111111112,373.97397
149,1.3840190795162195,1.357729762879758,0.4840707996141551,0.6495765978743309,0.8536398789412596,-0.15630794067266923,0.5449180303037006,349.30555555555566,354.98404
150,1.29239486964081,1.2994534830952267,0.10565465114073755,0.027899636273569207,0.8386227081421013,-0.15630794067266923,1.322981176229098,329.3019444444444,342.13873
151,-0.7636188142744257,-0.82722955323434,1.430111170797699,0.7065612663950824,0.8536398789412596,-0.15630794067266923,0.5449180303037006,432.0583333333333,414.60242
152,1.3676369676015754,1.3625980301999292,-0.6511776458060976,-1.1882505506994545,-1.1736781789450397,-0.23189566123676034,-2.2469556109580178,313.21944444444443,343.76398
153,-0.7459150174104747,-0.8042661798260284,0.4840707996141551,-1.0539500002661257,-1.1987067969436274,-0.16890589410001625,-0.3704503766673522,431.6030555555557,426.77222
154,-0.7399883213263012,-0.8006794991503495,1.430111170797699,0.6220865065276366,0.8536398789412596,-0.15630794067266923,0.31607592856094147,401.1575,407.46423
155,-0.7282435548120123,-0.7891300070676057,1.2409030965609902,0.6404132340920995,0.8536398789412596,-0.15630794067266923,0.7737601320464679,439.0605555555555,408.14682
156,-0.7374242140730866,-0.7883300143225763,1.6193192450344078,0.7157246301773138,0.8536398789412596,-0.15630794067266923,0.5449180303037006,382.6794444444445,405.52057
157,1.3575224597972393,1.337359698484248,0.8624869480875726,0.5605201561157694,0.8536398789412596,-0.15630794067266923,0.5449180303037006,322.23777777777775,348.41074
158,-0.7811390923342546,-0.7969502755382143,0.8624869480875726,0.6810756608757513,0.848634155341545,-0.15630794067266923,0.31607592856094147,391.9091666666667,411.6943
159,-0.7415042740382571,-0.7792866494701548,0.8624869480875726,0.715438275059119,0.8536398789412596,-0.15630794067266923,0.5449180303037006,462.74166666666673,408.1009
160,1.3962466752651632,1.3729240889199228,-1.7864260912263503,-1.5542123917523212,-1.163666731745596,-0.23189566123676034,-1.4688924650326203,338.20305555555564,343.95392
161,-0.7823400044324677,-0.7902431995237416,-0.4619695715693888,0.8044947168176805,-1.2187296913425003,-0.15630794067266923,0.2245390878638378,447.5852777777778,421.438
162,-0.7294035684338782,-0.8251313173584909,-0.8403857200428064,-1.1939776530633492,-1.1736781789450397,-0.23189566123676034,-2.2469556109580178,455.73083333333335,419.35745
163,-0.7784448615099269,-0.7397657177101035,0.6732788738508639,0.8652020018749635,0.8536398789412596,-0.1815038475273633,0.7737601320464679,439.7388888888889,410.67715
164,-0.7299591060709278,-0.79090368216075,-1.4080099427529327,-0.8426199230384139,-1.1786839025447544,-0.15630794067266923,-0.8739030005014304,391.9283333333333,411.75443
165,-0.7554234762116746,-0.6316213139267491,0.6732788738508639,-1.1473017687976081,-1.1987067969436274,-0.16890589410001625,-0.3704503766673522,375.3202777777778,394.93057
166,-0.782361589739429,-0.7624298039060039,-1.5972180169896415,-1.5656665964801104,-1.1987067969436274,-0.23189566123676034,-1.7435029871239394,439.01611111111123,410.81903
167,1.3928889802689803,1.3794302761556614,0.29486272537744634,0.518425953741144,0.8536398789412596,-0.15630794067266923,1.002602233789235,339.07027777777785,360.29907
168,-0.682502279393708,-0.5509904408671147,0.6732788738508639,0.25812915130213315,0.8536398789412596,-0.15630794067266923,0.5449180303037006,471.06916666666666,368.81223
169,-0.7358039178125009,-0.8000266707946301,-0.8403857200428064,0.9871892822259191,0.848634155341545,-0.15630794067266923,0.45338118960659696,461.71666666666664,436.63583
170,1.416292172069714,1.3761538105027866,-1.0295937942795153,-0.8343156246107667,-1.1486495609464378,-0.23189566123676034,-0.5077556377130077,372.0936111111112,354.87665
171,1.4135603635854945,1.426121825279438,-1.2188018685162239,-0.489830417422505,-1.253769756540546,-0.15630794067266923,-1.0569766818956459,350.3225,356.48386
172,-0.7278893635200565,-0.7894097493856566,0.10565465114073755,0.5888693128170478,0.8836742205395762,-0.15630794067266923,0.5449180303037006,406.7697222222222,423.3905
173,-0.7420833195602166,-0.7987897581943899,1.0516950223242816,0.7097111726952244,0.8536398789412596,-0.15630794067266923,0.5449180303037006,439.9972222222222,408.67325
174,-0.7370633811482197,-0.7653942252109851,0.4840707996141551,0.6364042624373732,0.8536398789412596,-0.15630794067266923,0.5449180303037006,476.50833333333327,412.235
175,-0.7757158495027229,-0.8193021248256863,0.29486272537744634,0.6006098726630318,0.8536398789412596,-0.15630794067266923,0.8652969727435715,413.53333333333336,434.11255
176,1.402012311751243,1.3901171451791803,0.29486272537744634,0.5659609033614693,0.8536398789412596,-0.15630794067266923,1.002602233789235,351.1919444444445,362.462
177,1.3872492726384908,1.3765335398789325,0.8624869480875726,0.6724850073299093,0.848634155341545,-0.15630794067266923,0.45338118960659696,339.5711111111111,354.65244
178,-0.7150511744928258,-0.7938958803229875,-1.5972180169896415,-1.090889810513246,-1.1486495609464378,-0.15630794067266923,-1.560429305729724,431.0975,406.07776
179,1.4285006294290847,1.4135591759387873,-0.27276149733268,0.6836528569395038,0.848634155341545,-0.15630794067266923,0.45338118960659696,346.9522222222222,366.18173
180,1.4346082226201793,1.4088066856406287,0.10565465114073755,-1.3073742798684629,-1.1486495609464378,-0.23189566123676034,-1.011208261547094,315.0086111111111,359.1365
181,-0.7824543978203712,-0.7344832526779188,0.29486272537744634,0.6859436978850617,0.8536398789412596,-0.15630794067266923,0.7737601320464679,394.8252777777778,416.49997
182,-0.7432941941077961,-0.7922843412007939,-0.8403857200428064,-1.0894580349222722,-1.1486495609464378,-0.15630794067266923,-1.5146608853811723,437.1111111111112,414.36572
183,-0.674368988164731,-0.5979441611600718,0.4840707996141551,0.6160730490455473,0.8536398789412596,-0.15630794067266923,0.5449180303037006,415.95666666666665,376.6362
184,-0.7390112147792103,-0.8231395193186786,0.29486272537744634,0.5542203435154853,0.8886799441392909,-0.15630794067266923,0.8652969727435715,414.4172222222222,433.25668
185,-0.761194268702251,-0.5343812762918418,-1.0295937942795153,-0.8343156246107667,-1.1486495609464378,-0.23189566123676034,-0.5077556377130077,407.5438888888888,374.9428
186,1.4135901635436876,1.3864806876050564,0.4840707996141551,0.600323517544837,0.8536398789412596,-0.15630794067266923,0.8652969727435715,327.0961111111111,362.12906
187,1.201507793628625,1.2855833958581837,0.29486272537744634,-0.021639799174119307,0.8536398789412596,-0.15630794067266923,1.2314443355319942,296.5622222222222,329.25482
188,-0.7387446755636992,-0.7818822210692499,-1.7864260912263503,-1.818804520964253,-1.1486495609464378,-0.15630794067266923,-1.5146608853811723,389.7363888888889,408.0274
189,-0.7488498326480162,-0.4894905051565905,0.29486272537744634,0.49465847893098125,0.8536398789412596,-0.15630794067266923,1.0941390744863388,342.1811111111112,375.81296
190,-0.7349580709053108,-0.7936000110600826,-1.0295937942795153,-0.9319627199151701,-1.1486495609464378,-0.15630794067266923,-1.3773556243355167,387.5619444444445,412.71664
191,-0.7689230320529983,-0.6278894426072498,-0.27276149733268,0.5387571671329698,-1.1486495609464378,-0.15630794067266923,0.2245390878638378,397.8922222222222,389.57144
192,-0.7648331844182746,-0.6009773747163858,-0.4619695715693888,-0.856364968711761,-1.1786839025447544,-0.15630794067266923,-0.8739030005014304,365.8944444444445,383.91513
193,-0.7190644685692588,-0.7901223677876709,-2.354050313936477,-1.3697996956349143,-1.1486495609464378,-0.16890589410001625,-2.475797712700785,430.41916666666674,395.35498
194,1.4326946458326246,1.406010128982531,-2.1648422396997677,-1.868916666648331,-1.1586610081458812,-0.1815038475273633,-1.9265766685181467,344.4602777777778,346.94177
195,1.3762763337803963,1.3613786406084254,-0.8403857200428064,-1.1928322325905703,-1.1736781789450397,-0.23189566123676034,-2.2469556109580178,346.8938888888888,344.0413
196,-0.6616214224707744,-0.5555882087749429,-2.1648422396997677,-1.8640486296390204,-1.248764032940817,-0.23189566123676034,-2.658871394094992,350.22944444444437,349.6026
197,-0.7394877519405809,-0.7959588776208271,0.4840707996141551,0.6469994018105782,0.8536398789412596,-0.15630794067266923,0.5449180303037006,392.28027777777777,417.98795
198,1.2173825197448243,1.2336448128407667,0.29486272537744634,0.753809860897213,0.848634155341545,-0.15630794067266923,0.45338118960659696,352.54444444444437,328.76443
199,1.4330290870056608,1.4132534860885688,-0.27276149733268,0.8904012522760999,0.848634155341545,-0.15630794067266923,0.45338118960659696,338.4686111111111,368.49707
200,-0.7822545371036909,-0.8044896463275587,1.6193192450344078,0.6409859443284889,0.848634155341545,-0.15630794067266923,0.45338118960659696,396.93361111111113,412.49237
201,-0.7268465397631085,-0.7946654485033968,0.6732788738508639,0.4740409104209606,0.8135940901434994,-0.15630794067266923,0.5449180303037006,446.8638888888889,414.44492
202,-0.7535128706809485,-0.8030104444334362,0.29486272537744634,0.5210031498048965,-1.1536552845461525,-0.15630794067266923,0.9110653930921233,408.4997222222222,422.76407
203,-0.6667187009502227,-0.5613136111790745,0.10565465114073755,-0.15823119055300613,0.8736627733401326,-0.14370998724531325,1.322981176229098,403.36916666666673,395.9341
204,-0.7299396181217287,-0.8160377904865532,0.8624869480875726,0.7704184577525075,0.848634155341545,-0.15630794067266923,0.727991711697916,430.2502777777778,416.5463
205,-0.6739210275028596,-0.5912151813846779,1.6193192450344078,0.6243773474731945,0.8536398789412596,-0.15630794067266923,0.31607592856094147,333.4663888888889,363.2291
206,-0.7433211101990671,-0.8214269821955781,1.2409030965609902,0.7518053750698499,0.8536398789412596,-0.15630794067266923,0.31607592856094147,389.34833333333336,410.4489
207,-0.7257284732964705,-0.7952431301101098,-1.4080099427529327,-0.8426199230384139,-1.1786839025447544,-0.15630794067266923,-0.8739030005014304,365.41944444444437,412.2482
208,-0.7695793302525022,-0.388913008319167,1.0516950223242816,0.6092005262088738,0.8536398789412596,-0.15630794067266923,0.7737601320464679,348.52777777777777,341.9359
209,-0.7353915248426665,-0.7953903426395538,-1.2188018685162239,-0.8348883348471562,-1.1786839025447544,-0.15630794067266923,-0.8739030005014304,383.6563888888888,414.54736
210,-0.7314356459349513,-0.8114719876276298,0.8624869480875726,0.6724850073299093,0.848634155341545,-0.15630794067266923,0.45338118960659696,415.3302777777778,412.05383
211,1.469034427695561,1.3409059414474571,0.10565465114073755,0.26185176783866465,0.8536398789412596,-0.1815038475273633,0.5449180303037006,478.51611111111123,361.90045
212,-0.7444535960003149,-0.8073742994306795,0.10565465114073755,0.753809860897213,0.848634155341545,-0.15630794067266923,0.45338118960659696,358.7125,424.0777
213,-0.732592863079802,-0.7889197791028962,0.8624869480875726,0.7704184577525075,0.848634155341545,-0.15630794067266923,0.727991711697916,382.1055555555557,411.7139
214,1.342299400215487,1.27973047023937,0.4840707996141551,0.5324573545326857,0.8536398789412596,-0.15630794067266923,0.5449180303037006,356.97944444444437,344.0448
215,-0.7085153707587799,-0.8148699589784492,1.430111170797699,0.727178834905103,0.8536398789412596,-0.15630794067266923,0.5449180303037006,388.5563888888889,407.5467
216,-0.7456601884424653,-0.8175934870534312,1.2409030965609902,0.7191608915956506,0.8536398789412596,-0.15630794067266923,0.5449180303037006,416.0252777777778,410.75507
217,1.3592423805514913,1.3541900188346243,0.6732788738508639,0.5152760474410019,-1.1536552845461525,-0.15630794067266923,0.9110653930921233,312.5175,353.89407
218,-0.7272773720032623,-0.8139435502418172,-1.2188018685162239,-0.8348883348471562,-1.1736781789450397,-0.15630794067266923,-0.8739030005014304,431.93861111111113,417.60953
219,1.369870391447743,1.3651565338959264,-1.5972180169896415,-0.8944501994316603,-1.1486495609464378,-0.15630794067266923,-1.331587203986965,338.73055555555555,342.9497
220,-0.7821168980005991,-0.6573273751833321,-0.27276149733268,-1.245235219220206,-1.1486495609464378,-0.15630794067266923,-0.5077556377130077,364.4930555555555,403.02817
221,-0.7308603581789817,-0.8000368283628815,-1.2188018685162239,-0.7635859104166681,-1.1486495609464378,-0.10591612696327216,-0.9654398411985422,375.6772222222222,411.25916
222,1.384052287680775,1.369949028645351,-0.6511776458060976,3.7379165476045078,1.1039260589272217,5.7143383564722185,1.6891285390175206,353.7472222222222,403.27637
223,1.349612275000131,1.3530784150029067,-0.08355342309597123,-1.2415126026836747,-1.1486495609464378,-0.15630794067266923,-0.5992924784101195,339.92527777777775,344.59387
224,-0.707478839075116,-0.82115320925413,1.6193192450344078,0.6409859443284889,0.848634155341545,-0.15630794067266923,0.45338118960659696,414.3725,409.42407
225,-0.7441182809282118,-0.7737970855819635,-1.7864260912263503,-1.227194846773938,-1.143643837346723,-0.16890589410001625,-0.7365977394557749,406.5555555555555,411.654
226,-0.7380507997043042,-0.8187643032498367,-0.8403857200428064,-1.1928322325905703,-1.1736781789450397,-0.23189566123676034,-2.2469556109580178,446.5480555555557,418.84665
227,1.4144837253399494,1.4320202433247808,0.8624869480875726,0.679357530166583,0.848634155341545,-0.15630794067266923,0.45338118960659696,380.21138888888885,361.4834
228,1.2103141619191966,1.2407986774378978,-1.7864260912263503,-1.1401428908427398,-1.1486495609464378,-0.15630794067266923,-1.560429305729724,338.375,313.9204
229,1.3422655803215846,1.3431525933560975,-0.4619695715693888,0.7979085490992016,-1.2187296913425003,-0.15630794067266923,0.45338118960659696,328.3413888888889,346.0276
230,-0.6734147777732024,-0.5890082932266328,0.8624869480875726,0.6810756608757513,0.848634155341545,-0.15630794067266923,0.31607592856094147,351.64833333333326,363.97476
231,-0.7354435218371675,-0.8176068700106535,0.4840707996141551,-0.9815021553628586,-1.1486495609464378,-0.15630794067266923,-0.5992924784101195,406.53222222222223,427.76035
232,1.4308657498646866,1.4117543541790145,0.29486272537744634,0.49580389940376013,0.8536398789412596,-0.16890589410001625,0.8652969727435715,360.6994444444445,365.7453
233,-0.7307869506573329,-0.8288232323668594,0.8624869480875726,0.659026316774757,0.848634155341545,-0.15630794067266923,0.45338118960659696,367.75166666666667,415.3535
234,-0.7248916275496732,-0.8104110272167678,-1.4080099427529327,-0.8403290820928561,-1.1486495609464378,-0.15630794067266923,-0.8739030005014304,408.3944444444445,415.55304
235,-0.7402782810368144,-0.7976525438114415,0.6732788738508639,-0.10811904486892816,0.9537543509356388,-0.15630794067266923,1.322981176229098,494.4055555555556,437.88388
236,-0.6731748924792424,-0.5942819967544491,-0.8403857200428064,0.7875997648441914,0.848634155341545,-0.15630794067266923,0.45338118960659696,469.70888888888885,395.5938
237,-0.7769907808519317,-0.7418168243948717,0.29486272537744634,0.753809860897213,0.848634155341545,-0.15630794067266923,0.45338118960659696,390.13805555555575,411.21677
238,-0.7824848968978175,-0.6498272386031104,0.29486272537744634,0.28647830800341156,0.8536398789412596,-0.1815038475273633,0.5449180303037006,399.6330555555555,402.2036
239,1.3541931665207418,1.3403266230761919,1.2409030965609902,1.572212788697755,0.8536398789412596,7.074917326625966,-3.7115450621117088,313.64805555555563,395.88406
240,-0.7018245373302037,-0.8278833443927374,0.8624869480875726,0.5734061364345323,0.8536398789412596,-0.15630794067266923,0.7737601320464679,463.0677777777778,419.40094
241,-0.7419413983516953,-0.7952189637628956,-1.4080099427529327,-1.0107103774187212,-1.1486495609464378,-0.15630794067266923,-1.331587203986965,415.9875,411.48688
242,-0.6723945006121895,-0.5741670269284371,-0.4619695715693888,-1.086594483740325,-1.1987067969436274,-0.16890589410001625,-0.8281345801528786,419.4305555555555,372.18304
243,1.3790929104741387,1.3676214531716369,-1.2188018685162239,-0.8386109513836877,-1.1786839025447544,-0.15630794067266923,-0.8739030005014304,335.9191666666667,346.89542
244,-0.6730709858801466,-0.5653855925445262,-1.2188018685162239,-0.7856352545176624,-1.143643837346723,-0.23189566123676034,-0.5077556377130077,381.95,372.62598
245,-0.7370076263877291,-0.7815753277156836,0.10565465114073755,0.7503735994788763,0.848634155341545,-0.15630794067266923,0.45338118960659696,375.1183333333333,418.76254
246,-0.747795036473847,-0.8283758661025938,-1.7864260912263503,-0.9239447766057176,-1.1486495609464378,-0.15630794067266923,-1.3773556243355167,463.4302777777778,415.07712
247,-0.7467506396985784,-0.8225363715811366,0.8624869480875726,0.731474161678024,0.8536398789412596,-0.15630794067266923,0.5449180303037006,392.1944444444445,416.3682
248,-0.782000407254935,-0.8129804105830251,0.10565465114073755,0.31568653005927416,-1.1987067969436274,-0.15630794067266923,0.3618443489094933,420.6469444444445,424.04413
249,-0.7452103925925524,-0.8162559134332213,1.6193192450344078,0.7099975278134192,0.8536398789412596,-0.15630794067266923,0.5449180303037006,423.6833333333333,411.4414
250,-0.7318673520741723,-0.7882243467286817,0.4840707996141551,0.6077687506179,0.8536398789412596,-0.15630794067266923,0.7737601320464679,406.7761111111112,420.26572
251,-0.6741408131182725,-0.5850718744782233,-0.4619695715693888,-0.8328838490197931,-1.1786839025447544,-0.15630794067266923,-0.8739030005014304,372.64333333333326,372.46994
252,1.3364529280656867,1.3302869018725922,0.29486272537744634,-0.012476435391887905,0.8536398789412596,-0.15630794067266923,1.322981176229098,329.0391666666667,348.2743
253,-0.6694663270075594,-0.5563110328853422,-1.0295937942795153,-1.1135118648506297,-1.1486495609464378,-0.15630794067266923,-1.5146608853811723,345.4933333333333,358.92578
254,1.3176502031246704,1.3468230860048833,0.10565465114073755,0.7065612663950824,0.8536398789412596,-0.15630794067266923,0.7737601320464679,330.1486111111111,350.3182
255,-0.7802512982718368,-0.5167787881938263,-0.08355342309597123,0.5605201561157694,-1.1486495609464378,-0.15630794067266923,0.2245390878638378,341.5738888888889,369.7943
256,1.3751781048225846,1.3576868218803249,-0.8403857200428064,0.7664094860977813,0.848634155341545,-0.15630794067266923,0.45338118960659696,384.44416666666666,359.30228
257,1.363616507552791,1.35614277522585,0.10565465114073755,3.9111613941123204,0.9537543509356388,7.100113233480669,2.6044969459885814,340.5813888888889,419.22906
258,-0.7420654920192445,-0.8139816772278603,-0.8403857200428064,0.8116535947725487,0.848634155341545,-0.15630794067266923,0.45338118960659696,397.0608333333333,440.64737
259,-0.7822061230953653,-0.8099195164497228,0.6732788738508639,0.7414965908148397,0.848634155341545,-0.15630794067266923,0.45338118960659696,449.6305555555555,418.07385
260,-0.7700072786257339,-0.4570640812085806,0.29486272537744634,0.7194472467138453,0.8536398789412596,-0.15630794067266923,0.7737601320464679,362.1105555555557,364.1619
261,1.4331864762276725,1.4033837476977447,0.29486272537744634,0.7483691136515132,0.848634155341545,-0.15630794067266923,0.31607592856094147,330.35722222222216,363.4686
262,-0.7244952269327689,-0.8191302164075553,1.430111170797699,0.7165836955318979,0.8536398789412596,-0.15630794067266923,0.5449180303037006,350.7602777777778,409.7606
263,1.3179515235230579,1.3258427009918816,0.29486272537744634,0.6069096852633159,0.8536398789412596,-0.15630794067266923,0.8652969727435715,340.23027777777776,348.02872
264,1.4269452638691955,1.4247250392945403,0.4840707996141551,0.6126367876272105,0.8536398789412596,-0.15630794067266923,0.5449180303037006,377.5375,363.97275
265,1.3732937162638763,1.3578307127405307,-0.4619695715693888,-0.891586648249713,-1.1486495609464378,-0.15630794067266923,-0.5992924784101195,338.9655555555556,348.24576
266,-0.7822220280583894,-0.5776126570118104,0.10565465114073755,-1.3073742798684629,-1.1486495609464378,-0.23189566123676034,-1.011208261547094,399.6555555555556,391.2504
267,-0.6594890213567811,-0.562901417215259,-1.2188018685162239,-0.8348883348471562,-1.1786839025447544,-0.15630794067266923,-0.8739030005014304,447.43361111111113,360.95013
268,1.201403887029529,1.2496569434755018,-1.7864260912263503,-1.43308417675595,-1.1486495609464378,-0.15630794067266923,-1.0569766818956459,334.03472222222223,313.13943
269,1.4212098642908424,1.3928639730789665,0.10565465114073755,-0.9869429026085585,-1.1486495609464378,-0.15630794067266923,-0.3704503766673522,370.5861111111112,357.9421
270,1.3473235333430065,1.339053172114327,0.10565465114073755,-1.325414652314731,-1.1486495609464378,-0.23189566123676034,-0.5077556377130077,296.7058333333333,345.5665
271,-0.7795612675683372,-0.5674617320989186,-1.0295937942795153,-1.451124549202218,-1.1486495609464378,-0.15630794067266923,-0.27891353597024854,383.64111111111123,384.70493
272,-0.7696977435761143,-0.7485830164937645,-2.1648422396997677,-1.1518834506887237,-1.1336323901472793,-0.15630794067266923,-1.8350398278210431,444.56138888888887,396.00284
273,-0.7816312722889289,-0.6282321040802982,0.4840707996141551,0.5590883805247958,0.8536398789412596,-0.15630794067266923,1.002602233789235,371.8222222222222,398.7006
274,-0.7294686739143881,-0.8168861640661451,-0.27276149733268,-0.8998909466773602,-1.1486495609464378,-0.15630794067266923,-0.5992924784101195,405.17416666666674,428.16318
275,1.3314887444141805,1.3316707863016064,0.6732788738508639,0.417056241900209,0.8536398789412596,-0.15630794067266923,0.5449180303037006,332.41277777777776,344.53046
276,-0.7714855662878919,-0.4909054399719661,0.10565465114073755,-1.292483813722337,-1.1486495609464378,-0.15630794067266923,-0.5992924784101195,343.8627777777778,371.01898
277,1.3503661003355396,1.3431185101413017,0.29486272537744634,0.5593747356429905,0.8886799441392909,-0.15630794067266923,0.8652969727435715,344.5019444444445,352.8134
278,1.2976029585219853,1.3044826828830025,-1.0295937942795153,-0.8807051537583132,-1.1486495609464378,-0.15630794067266923,-1.3773556243355167,368.8383333333333,332.4045
279,-0.6523256707025434,-0.8214057523965315,-0.6511776458060976,-1.1882505506994545,-1.1736781789450397,-0.23189566123676034,-2.2469556109580178,429.5725,413.10474
280,1.314209487717099,1.3169633495756332,0.6732788738508639,0.7747137845254284,0.848634155341545,-0.15630794067266923,0.45338118960659696,328.75666666666666,344.03003
281,-0.7616681841664201,-0.44476697284648253,1.6193192450344078,0.71973360183204,0.80358264294407,-0.23189566123676034,-1.5146608853811723,312.06388888888887,343.47525
282,1.3285074377462616,1.323249295698812,-1.2188018685162239,-0.7856352545176624,-1.143643837346723,-0.23189566123676034,-0.5077556377130077,339.41194444444443,340.9047
283,1.3343181674242115,1.3306091519288699,0.29486272537744634,0.5593747356429905,0.8886799441392909,-0.15630794067266923,0.8652969727435715,342.07694444444445,350.1628
284,-0.7066965246301148,-0.7978884786076501,1.2409030965609902,0.3855571788987886,0.8536398789412596,-0.15630794067266923,0.5449180303037006,399.47777777777776,407.55127
285,1.3257103490017186,1.3179937891416074,1.6193192450344078,0.5905874435262162,0.848634155341545,-0.15630794067266923,0.45338118960659696,338.70416666666665,342.4585
286,1.3350140532514616,1.3463419253666256,0.29486272537744634,-1.301933532622763,-1.1486495609464378,-0.15630794067266923,-0.5992924784101195,370.3497222222222,343.37012
287,-0.7383594608548562,-0.7927358956567079,0.29486272537744634,0.7801545317711284,0.8386227081421013,-0.15630794067266923,0.5449180303037006,455.3194444444445,418.85504
288,-0.7550705083784124,-0.4836757065238199,0.10565465114073755,0.5307392238235173,0.8536398789412596,-0.16890589410001625,0.8652969727435715,366.1386111111111,374.84268
289,1.3744696348487662,1.3604478029794764,-0.8403857200428064,-1.4494064184930495,-1.1486495609464378,-0.15630794067266923,-0.27891353597024854,312.9191666666667,345.16794
290,1.3898346156390395,1.357976095944887,0.8624869480875726,0.5605201561157694,0.8536398789412596,-0.15630794067266923,0.5449180303037006,342.5758333333333,353.4445
291,-0.6761261370192481,-0.5624142390602644,0.29486272537744634,0.5948827702991372,0.8536398789412596,-0.15630794067266923,0.5449180303037006,430.5944444444444,373.52338
292,-0.7256811079670263,-0.7931514412924701,-1.5972180169896415,-0.8254386159467301,-1.1786839025447544,-0.15630794067266923,-0.8739030005014304,412.96138888888885,410.30573
293,1.398713517552193,1.3838167570158344,0.4840707996141551,0.43624203481925605,0.8536398789412596,-0.15630794067266923,0.5449180303037006,375.9811111111112,356.50177
294,-0.766887546345563,-0.8223292727251299,1.2409030965609902,0.7225971530139873,0.8536398789412596,-0.15630794067266923,0.5449180303037006,437.85,413.3667
295,-0.7027041167413896,-0.8230904645222419,-0.08355342309597123,1.0951451617853327,0.8536398789412596,-0.1815038475273633,1.2314443355319942,392.9383333333333,442.86453
296,1.2803542882922576,1.2885546530621774,-1.9756341654630591,-1.3826856759536772,-1.1486495609464378,-0.15630794067266923,-0.3704503766673522,352.91527777777776,328.60898
297,-0.7429736479299293,-0.808340423777773,1.430111170797699,0.7268924797869083,0.8536398789412596,-0.15630794067266923,0.5449180303037006,404.20805555555563,409.17828
298,-0.7247841379644013,-0.8261278181300706,-0.08355342309597123,-0.023357929883287696,0.8536398789412596,-0.15630794067266923,1.2314443355319942,415.31166666666667,450.05936
299,-0.7823538120377304,-0.8096119009941481,-1.5972180169896415,-1.087739904213104,-1.1486495609464378,-0.15630794067266923,-1.560429305729724,423.83083333333326,415.26398
300,1.3361994099462777,1.3162505386130832,1.430111170797699,0.44798259466524004,0.8536398789412596,-0.15630794067266923,0.6364548710008123,313.1738888888889,342.22458
301,-0.7067571732253822,-0.8117999182197074,-0.08355342309597123,0.7621141593248603,0.848634155341545,-0.15630794067266923,0.45338118960659696,423.6525,425.12677
302,1.395674358766022,1.3781953854410438,0.29486272537744634,0.5593747356429905,0.8886799441392909,-0.15630794067266923,0.8652969727435715,347.74166666666673,360.28094
303,1.3135347502472763,1.3132413951237156,-1.0295937942795153,-0.8850004805312341,-1.1486495609464378,-0.15630794067266923,-1.3773556243355167,336.4636111111111,334.79337
304,1.3862650001190489,1.3729300582965254,-1.5972180169896415,-1.087739904213104,-1.1486495609464378,-0.15630794067266923,-1.560429305729724,393.4572222222222,343.79514
305,-0.6763638375655399,-0.5606780651314226,0.8624869480875726,0.588582957698853,0.8536398789412596,-0.16890589410001625,0.5449180303037006,374.4419444444445,364.59482
306,-0.7721491178496539,-0.39747189086409196,-0.08355342309597123,0.5562248293428484,-1.1486495609464378,-0.15630794067266923,0.2245390878638378,351.065,348.08676
307,1.2165889320018557,1.2529595973612135,1.2409030965609902,0.6432767852740467,0.848634155341545,-0.15630794067266923,0.45338118960659696,291.70472222222224,325.40424
308,1.3631127921304291,1.3420715585094023,-1.7864260912263503,-1.561943979943579,-1.1987067969436274,-0.23189566123676034,-1.7435029871239394,303.89027777777784,337.56564
309,-0.7508260679986927,-0.8219707250078967,0.6732788738508639,0.7211653774230137,0.8536398789412596,-0.1815038475273633,1.4145180169262097,361.0372222222222,436.91183
310,1.275839987880571,1.302886356043118,0.29486272537744634,0.5542203435154853,0.8886799441392909,-0.15630794067266923,0.8652969727435715,321.9738888888889,341.64325
311,-0.7692725042899914,-0.8112250287407601,1.0516950223242816,0.7111429482861981,0.8536398789412596,-0.15630794067266923,0.5449180303037006,390.0236111111112,413.01422
312,1.2841491076018783,1.3046033701986715,-1.5972180169896415,-1.0591043923936307,-1.1486495609464378,-0.15630794067266923,-1.5146608853811723,329.7536111111111,327.78476
313,-0.6733088612062517,-0.5852466231642539,-0.8403857200428064,-0.634726107229039,-1.1486495609464378,-0.15630794067266923,-0.7823661598043268,397.425,369.64508
314,1.392134106254691,1.3863031949313942,-1.5972180169896415,-1.0273189742740156,-1.1486495609464378,-0.15630794067266923,-1.3773556243355167,351.0941666666667,346.10843
315,1.3665906482483587,1.3699999127668756,0.6732788738508639,-0.004744847200630161,0.8536398789412596,-0.15630794067266923,1.322981176229098,348.7636111111111,352.96558
316,1.418060681612105,1.414685366231074,-0.8403857200428064,-0.6055178851731764,-1.1486495609464378,-0.15630794067266923,-0.6450608987586712,367.96,357.34695
317,-0.7428228129509222,-0.7777260907497539,0.4840707996141551,0.5149896923228071,0.8536398789412596,-0.15630794067266923,0.5449180303037006,407.7347222222222,416.1177
318,-0.6666707238914308,-0.5617412399884437,-1.7864260912263503,-1.561943979943579,-1.1987067969436274,-0.23189566123676034,-1.7435029871239394,399.97833333333335,358.5967
319,-0.7693931897511784,-0.8215960984859434,0.4840707996141551,-1.0150057041916423,-1.1486495609464378,-0.15630794067266923,-0.5992924784101195,375.0363888888888,431.36157
320,-0.7404866185744462,-0.8022173838676872,0.6732788738508639,-0.41938705834660106,-1.1486495609464378,-0.23189566123676034,0.45338118960659696,359.0825,422.47653
321,1.406280696965406,1.3834771765113545,0.8624869480875726,-0.48954406230431025,-1.183689626144469,-0.15630794067266923,0.08723382681817421,387.2213888888888,361.67184
322,-0.767110827557245,-0.4084552068321231,0.6732788738508639,-0.6925698411043747,-1.1586610081458812,-0.1815038475273633,0.5449180303037006,351.7138888888888,351.50107
323,-0.6748491957021845,-0.5904820552856254,-0.27276149733268,3.9269109256130306,1.3542122389131839,7.074917326625966,2.6044969459885814,550.2655555555557,468.75806
324,-0.7556796160282848,-0.8045659484397786,1.2409030965609902,0.6564491207110044,0.848634155341545,-0.15630794067266923,0.45338118960659696,367.6680555555557,409.37805
325,-0.774096514531111,-0.5281774572370841,0.6732788738508639,0.6218001514094419,0.8536398789412596,-0.15630794067266923,0.5449180303037006,375.3802777777778,367.9982
326,-0.736705956429715,-0.8169362298053936,0.29486272537744634,0.5181395986229492,0.8536398789412596,-0.15630794067266923,1.002602233789235,436.59166666666664,433.87198
327,1.3064320481883056,1.310619539011515,0.10565465114073755,0.5287347379961542,0.8536398789412596,-0.16890589410001625,0.8652969727435715,360.4397222222222,345.92422
328,-0.7709793165582349,-0.8047661151165045,-0.6511776458060976,-1.1994184003090491,-1.1736781789450397,-0.23189566123676034,-2.2469556109580178,382.5486111111112,420.45212
329,-0.7292547434227259,-0.7848381215705321,1.0516950223242816,0.6223728616458314,0.8236055373429431,-0.1815038475273633,0.6364548710008123,365.4955555555555,408.37665
330,-0.7358070638491432,-0.819525832027886,-0.8403857200428064,0.7812999522439072,0.848634155341545,-0.15630794067266923,0.45338118960659696,486.2447222222222,441.3497
331,1.3962129427611676,1.3693156970438582,-1.0295937942795153,0.9711533956070141,0.848634155341545,-0.15630794067266923,0.45338118960659696,346.06916666666666,364.98032
332,1.4282115436176388,1.4137839903640672,0.6732788738508639,0.6218001514094419,0.8536398789412596,-0.15630794067266923,0.5449180303037006,346.05611111111125,362.75574
333,-0.7245186474277716,-0.8273748882985622,0.29486272537744634,-0.6461803119568282,-1.1486495609464378,-0.15630794067266923,0.45338118960659696,389.93861111111113,424.82455
334,-0.7006964210242922,-0.8256089637669748,1.2409030965609902,0.5851466962805163,0.80358264294407,-0.1815038475273633,0.6364548710008123,356.7758333333333,411.84668
335,1.3937350893458904,1.382810146816137,-1.7864260912263503,-1.5496307098612054,-1.1987067969436274,-0.23189566123676034,-1.6977345667753796,331.92027777777776,343.96664
336,-0.780495815230853,-0.7942216446090398,-1.0295937942795153,2.149791062096528,0.8536398789412596,5.185224312523536,-0.8739030005014304,437.78583333333336,420.5956
337,1.4047960298400572,1.3864919042562531,-1.7864260912263503,-1.8440037713653892,-1.1486495609464378,-0.15630794067266923,-2.109650349912362,342.1433333333333,341.33237
338,-0.7473592230090103,-0.8129323185892663,0.4840707996141551,0.45113250096538204,0.8536398789412596,-0.15630794067266923,0.5449180303037006,398.1222222222222,423.60275
339,-0.734654915318882,-0.8251642452100736,0.4840707996141551,0.7157246301773138,0.8536398789412596,-0.15630794067266923,0.7737601320464679,463.45555555555563,426.2983
340,-0.6743661916877158,-0.5895950733186515,-2.5432583881731854,-1.9104381587865669,-1.248764032940817,-0.23189566123676034,-2.704639814443544,415.3922222222222,362.25333
341,-0.7531672435998518,-0.8215479102119168,1.0516950223242816,0.6587399616565622,0.8536398789412596,-0.15630794067266923,0.31607592856094147,421.0072222222222,412.71213
342,1.284576968585203,1.3037429134454719,-1.9756341654630591,-1.7916007847357533,-1.1486495609464378,-0.15630794067266923,-2.109650349912362,339.0588888888889,325.8884
343,-0.7120301928072539,-0.8285866236087764,1.6193192450344078,0.5894420230534373,0.8536398789412596,-0.15630794067266923,0.7737601320464679,455.72777777777776,413.56168
344,-0.7673847075249207,-0.4812161789431057,1.6193192450344078,0.5158487576773914,0.80358264294407,-0.23189566123676034,0.7737601320464679,331.4716666666667,359.72775
345,-0.7170805429067906,-0.816944076647218,0.10565465114073755,0.267865225320754,0.8536398789412596,-0.15630794067266923,0.6364548710008123,454.74166666666673,431.6751
346,-0.7279845311284798,-0.8100089126783617,1.0516950223242816,0.7160109852955086,0.8536398789412596,-0.15630794067266923,0.6364548710008123,438.3172222222222,411.1978
347,-0.7331263784603574,-0.7952054845254056,-0.08355342309597123,0.7406375254602554,0.848634155341545,-0.15630794067266923,0.45338118960659696,407.71388888888885,424.23807
348,-0.7817943418548775,-0.7550640264394768,-0.8403857200428064,0.7629732246794444,0.848634155341545,-0.15630794067266923,0.45338118960659696,443.5533333333333,433.24844
349,1.3595065602395207,1.3581976849811954,0.8624869480875726,0.679357530166583,0.848634155341545,-0.15630794067266923,0.45338118960659696,353.3327777777778,350.34903
350,1.2862743427435204,1.2861486091702186,-0.27276149733268,3.541763291641117,1.1039260589272217,5.7143383564722185,1.6891285390175206,364.49,388.32623
