Latitude,Longitude,FullWaitTime,WaitingCount,MooredCount,type,built,dwt,loa,beam,draughtMeters
-20.11953833,118.5364133,7.956388889,16,26,1,2014,207811,300,50,18.2
-20.10988167,118.5682,7.96,19,31,1,2011,206565,299.7,50,18.23
-20.152,118.5418333,7.960555556,23,23,2,2012,228783,324.99,52.5,18.1
-20.08427667,118.6173283,7.960555556,38,35,1,2016,206752,300,50,18.59
-20.11089333,118.539655,7.963055556,22,26,1,2009,177974,292,45,18.3
-20.138555,118.5352617,7.964166667,14,27,1,2016,180940,292,45,18.3
-20.080235,118.5516267,7.965,38,21,2,2017,261761,326.9,57,18.8
-20.1349,118.5087,7.965833333,21,38,3,2009,45634,179.8,32.23,12.12
-20.15175833,118.5346767,7.965833333,25,32,1,2014,175656,291.8,45,18.25
-20.119915,118.5371083,7.966111111,17,29,2,2012,228749,324.99,52.5,18.1
-20.12313833,118.535805,7.966666667,21,27,1,2015,207219,299.94,50,18.27
-20.08805,118.5283,7.9675,32,28,1,2009,179147,292,45,18.22
-20.13578667,118.5114767,7.972777778,26,23,3,2017,50239,183.2,32.26,11
-20.08666667,118.5270167,7.972777778,27,29,1,2010,175858,291.8,45,18.25
-20.069735,118.6054483,7.974166667,17,29,2,2018,261052,327,57,18.8
-20.13719333,118.5343033,7.974722222,27,30,1,2011,176296,292,45,18.32
-20.13630167,118.5127867,7.975,37,27,3,2011,45931,181.53,32.2,12.17
-20.10546667,118.5428533,7.976111111,25,24,1,2013,180000,295,46,18.1
-20.13676667,118.542985,7.976666667,17,29,1,2012,107236,254.99,43,13.4
-20.12296,118.560455,7.977222222,13,18,1,2012,207867,300,50,18.22
-20.11877333,118.5400417,7.977777778,15,29,1,2008,177720,292,45,18.3
-20.10667833,118.568395,7.978611111,15,21,1,2013,206010,299.92,50,18.4
-20.12567333,118.5913117,7.979166667,26,23,1,2016,36844,183,29.5,10.37
-20.13853333,118.5381117,7.979166667,23,27,1,2016,180940,292,45,18.3
-20.06890833,118.6024367,7.979444444,15,28,1,2012,180643,291.9,45,18.07
-20.10605667,118.5067633,7.979444444,31,30,1,2018,209240,299.95,50,18.4
-20.087615,118.5283667,7.979722222,35,28,1,2013,180694,291.9,45,18.07
-20.083335,118.5827433,7.98,19,22,1,2013,206378,299.7,50,18.23
-20.15077333,118.5213767,7.98,31,34,2,2018,261064,327,57,18.8
-20.10728333,118.6067617,7.9825,20,41,1,2007,203198,299.95,50,17.91
-20.12318667,118.5428483,7.9825,14,25,1,2017,207672,299.88,50,18.5
-20.06533333,118.5687733,7.983055556,39,14,1,2012,175247,291.8,45.02,18.25
-20.11868333,118.5746,7.983333333,15,25,1,2007,206312,299.94,50,18.1
-20.07888333,118.536215,7.983611111,24,28,1,2014,180694,291.9,45,18.07
-20.15105,118.5328333,7.984444444,20,27,1,2005,206237,299.94,50,18.1
-20.10568167,118.5426867,7.985,18,30,1,2011,180643,291.9,45,18.07
-20.12573333,118.52136,7.985277778,17,29,1,2016,209096,299.95,50,18.4
-20.14983333,118.5368833,7.985833333,20,29,1,2005,203195,299.95,50,17.91
-20.10535,118.5659667,7.986388889,15,22,2,2016,250292,325,57,18
-20.15223333,118.53775,7.986388889,17,26,1,2013,206010,299.92,50,18.4
-20.12392,118.621595,7.987222222,17,22,1,2010,93114,229.2,38,14.9
-20.10894833,118.5834633,7.987222222,33,43,1,2010,175868,291.8,45,18.25
-20.12346667,118.6355783,7.987777778,21,28,2,2014,250868,329.95,57,18.02
-20.11861167,118.5902983,7.988611111,24,23,1,2011,179469,291.97,45,18.22
-20.10764833,118.62171,7.989166667,20,33,1,2006,173624,289,45,18.22
-20.07649833,118.541875,7.989444444,26,27,1,2010,180407,295,46,18.1
-20.121615,118.5396533,7.990833333,18,26,1,2011,93283,230,38,14.9
-20.120005,118.5947783,7.991944444,40,21,1,2011,181399,291.98,45,18.24
-20.13579333,118.537015,7.9925,15,29,1,2017,38852,182,30,10.52
-20.10815,118.5419667,7.9925,22,24,1,2010,180022,292,45,18.22
-20.11060833,118.5698717,7.993055556,22,27,1,2016,179177,292.26,45,18.32
-20.15769,118.537375,7.993333333,18,28,2,2004,229186,319.5,54,18.1
-20.11776833,118.564905,7.993333333,27,38,1,2014,208086,299.88,50,18.4
-20.15476833,118.5404533,7.993611111,23,27,1,2010,180079,295,46,18.1
-20.10603167,118.59239,7.993611111,21,27,1,2012,178896,292,45,18.32
-20.106635,118.599915,7.994444444,41,23,1,2014,180560,291.98,45,18.24
-20.13547167,118.54012,7.995,33,25,1,2011,181458,291.98,45,18.24
-20.12002167,118.5941183,7.995,22,36,1,2016,180940,292,45,18.3
-20.074855,118.52711,7.995277778,30,31,1,2016,182618,292,45,18.15
-20.13562333,118.5418217,7.995277778,25,36,1,2016,209172,299.95,50,18.4
-20.15298333,118.5369733,7.995833333,39,35,1,2015,78184,225,32.2,14.43
-20.09325833,118.5093383,7.995833333,13,30,1,2016,206752,300,50,18.59
-20.10869667,118.54282,7.996111111,23,26,1,2016,209900,299.99,50,18.43
-20.12437833,118.5147367,7.996388889,21,29,1,2008,178104,292,45,18.32
-20.09627,118.56336,7.996944444,23,26,1,2015,205471,299.95,50,18.25
-20.15499333,118.537255,7.997222222,35,16,1,2016,117549,245,43,15.6
-20.08241833,118.59371,7.997222222,22,30,1,2012,180517,291.9,45,18.07
-20.106255,118.5801333,7.997222222,19,25,1,2011,179488,291.97,45,18.22
-20.08293167,118.5382767,7.9975,21,40,1,2009,169001,287.5,45,17.7
-20.119965,118.5767917,7.9975,22,32,1,2012,180643,291.9,45,18.07
-20.09667333,118.5069983,7.9975,38,30,1,2011,182128,292,45,18.18
-20.1246,118.58145,7.997777778,29,28,1,2007,206190,299.94,50,18.1
-20.09622333,118.5339733,7.998055556,24,25,2,2013,251019,329.95,57,18.02
-20.08473833,118.5809733,7.998055556,26,30,1,2009,177897,292,45,18.3
-20.08115667,118.5818967,7.998611111,20,11,1,2016,209114,299.95,50,18.4
-20.31601833,118.569265,7.998888889,30,28,1,2012,107236,254.99,43,13.4
-20.16591667,118.5493583,7.998888889,24,26,1,2011,92803,229.2,38,14.9
-20.12002667,118.5621833,7.998888889,20,25,1,2013,206108,299.92,50,18.4
-20.33033667,118.5823083,7.998888889,31,40,2,2017,261084,327,57,18.8
-20.135865,118.5384933,7.999166667,29,27,3,2019,49999,183.1,32.2,13.24
-20.09283333,118.56793,7.999444444,22,32,1,2011,180643,291.9,45,18.07
-20.08829,118.5232717,7.999444444,27,24,1,2011,180643,291.9,45,18.07
-20.32698333,118.5864,7.999722222,22,24,1,2004,203278,299.95,50,17.91
-20.3304,118.5823,7.999722222,20,38,1,2009,181383,292,45,18.18
-20.32033,118.5694633,8.000277778,36,39,1,2009,169031,287.5,45,17.7
-20.08547333,118.5241333,8.000555556,22,30,1,2011,180643,291.9,45,18.07
-20.09797,118.5358817,8.000555556,20,29,1,2011,181399,291.98,45,18.24
-20.08718333,118.5249167,8.000833333,32,22,3,2009,31612,171.6,27,10.42
-20.088015,118.528715,8.000833333,27,28,1,2011,180643,291.9,45,18.07
-20.13688333,118.5412833,8.000833333,41,20,1,2009,207942,299.7,50,18.23
-20.09358167,118.601635,8.000833333,19,27,1,2017,210000,299.87,48.99,18.62
-20.136395,118.539095,8.000833333,29,26,2,2017,261088,327,57,18.8
-20.1403,118.5370667,8.001111111,25,27,1,2011,207941,300,50,18.2
-20.09342833,118.6211667,8.001111111,19,26,1,2011,179078,292,45,18.32
-20.15133333,118.5414083,8.001388889,27,34,1,2012,32070,175.53,29.4,9.62
-20.13485,118.5348833,8.001388889,22,23,1,2008,76381,225,32.26,14.22
-20.10826667,118.5142,8.001388889,24,31,1,2012,175231,291.8,45,18.25
-20.065405,118.5935917,8.001944444,36,38,1,2011,180643,291.9,45,18.07
-20.09136667,118.5671833,8.002222222,22,28,1,2007,180151,288.93,45,18.17
-20.15198667,118.5210567,8.0025,26,17,2,2017,261084,327,57,18.8
-20.08382,118.61938,8.003333333,24,29,1,2013,104229,253.54,43,13
-20.12334333,118.6096633,8.003333333,25,28,1,2011,106661,253,43,13.6
-20.08447,118.5252017,8.003333333,21,29,1,2011,180643,291.9,45,18.07
-20.11403833,118.619655,8.003333333,36,31,1,2012,206160,299.92,50,18.4
-20.11940667,118.5614133,8.003611111,18,25,2,2018,261052,327,57,18.8
-20.14990667,118.5384167,8.004166667,34,16,3,2012,45950,181.54,32.2,12.17
-20.15315333,118.5382967,8.004444444,22,26,2,2010,228990,324.99,52.5,18.1
-20.125635,118.5938,8.004722222,12,18,1,2010,180423,294.47,46,18.1
-20.11055,118.60805,8.004722222,19,23,1,2010,206291,299.94,50,18.1
-20.118985,118.5783283,8.005,13,20,1,2015,55404,189.9,32.26,12.5
-20.12001833,118.5416067,8.005,32,31,1,2013,179134,292,45,18.22
-20.13508333,118.5336333,8.005,35,14,1,2009,207942,299.7,50,18.23
-20.0657,118.5945567,8.005277778,34,42,1,2011,180643,291.9,45,18.07
-20.07156,118.6066167,8.005555556,27,24,1,2009,169031,287.5,45,17.7
-20.104555,118.5247133,8.005555556,28,29,1,2010,180086,294.47,46,18.1
-20.12265,118.6073983,8.005555556,3,3,1,2006,173624,289,45,18.22
-20.094875,118.6340833,8.006388889,32,23,2,2018,261064,327,57,18.8
-20.13697333,118.5451283,8.007222222,31,27,1,2014,120397,245,43,15.6
-20.12199333,118.541855,8.007222222,19,26,1,2011,182128,292,45,18.18
-20.12431667,118.5678833,8.0075,27,33,1,2010,180086,294.47,46,18.1
-20.08215167,118.6148333,8.0075,43,18,1,2014,208086,299.88,50,18.4
-20.147455,118.539345,8.008333333,17,29,1,2014,40481,179.99,30,10.7
-20.094095,118.5904033,8.008611111,28,32,1,2014,115297,254,43,14.5
-20.15266667,118.5366667,8.009166667,18,23,1,2009,93251,230,38,14.9
-20.11960833,118.5666433,8.009444444,25,29,1,2006,173541,289,45,18.22
-20.12887167,118.529075,8.009444444,24,25,1,2019,206392,300,50,18.3
-20.108715,118.5400017,8.009444444,18,27,2,2018,261052,327,57,18.8
-20.12032667,118.5428567,8.009722222,25,31,1,2010,180702,292,45,18.2
-20.12224833,118.5736083,8.01,28,33,1,2012,207964,300,50,18.22
-20.15225667,118.542105,8.010277778,25,29,1,2011,176296,292,45,18.32
-20.09569833,118.53674,8.010555556,38,40,1,2010,170022,287,45,17.7
-20.152,118.5428833,8.011111111,25,26,1,2011,179362,291.97,45,18.22
-20.11235,118.5784,8.011388889,21,40,1,2009,180274,288.93,45,18.17
-20.12126167,118.5614883,8.011388889,23,26,1,2011,176469,292,45,18.3
-20.13903167,118.5421633,8.011944444,15,25,1,2011,178342,292,44.98,17.98
-20.12173667,118.5414617,8.013055556,20,23,1,2012,208025,300,50,18.22
-20.13743167,118.5345417,8.013055556,34,15,1,2014,208003,299.92,50,18.4
-20.12232,118.6085933,8.013055556,21,27,1,2015,209956,299.99,50,18.43
-20.140105,118.5382817,8.013333333,17,29,2,2016,260840,327,57,18.8
-20.139145,118.5362267,8.014166667,23,30,2,2013,262779,328.05,57,18.83
-20.092935,118.5138983,8.015277778,26,32,2,2011,228800,324.99,52.5,18.1
-20.10648167,118.5666183,8.015277778,28,25,1,2010,176354,292,45,18.3
-20.10653167,118.6230833,8.015555556,32,37,2,2011,229126,324.99,52.5,18.1
-20.10990833,118.5421633,8.015555556,24,23,2,2012,228749,324.99,52.5,18.1
-20.09225,118.578575,8.015555556,22,29,1,2014,207891,300,50,18.2
-20.07425,118.52344,8.015833333,29,30,3,2017,45500,183.06,32.2,12.32
-20.12028833,118.6359767,8.017777778,37,37,1,2011,107392,254.99,43,13.53
-20.13778667,118.5352767,8.018055556,14,27,1,2016,208329,299.95,50,18.4
-20.13383333,118.538,8.019166667,13,24,2,2011,228915,324.99,52.5,18.1
-20.13879333,118.5417833,8.019444444,32,39,1,2013,115198,254,43,14.5
-20.15046667,118.5406167,8.020277778,26,28,1,2005,206237,299.94,50,18.1
-20.11006167,118.5355733,8.020833333,23,27,1,2012,203027,299.95,49,18.35
-20.09363833,118.5820783,8.021388889,19,25,1,2009,182129,295,46,18.28
-20.15258667,118.536,8.0225,12,22,1,2011,180388,294.47,46,18.1
-20.15015,118.5350333,8.022777778,31,25,1,2006,174204,289,45,18.12
-20.13936667,118.54075,8.023055556,37,9,1,2011,175911,291.8,45,18.25
-20.15476167,118.53674,8.023333333,30,26,1,2018,37802,179.93,30,10.53
-20.15217833,118.53993,8.023333333,9,22,1,2017,210000,299.87,48.99,18.62
-20.12264833,118.5816,8.023611111,13,23,1,2016,209172,299.95,50,18.4
-20.09705833,118.565365,8.024166667,14,29,1,2018,208564,299.95,50,18.32
-20.15055333,118.5350183,8.024166667,18,21,2,2017,261084,327,57,18.8
-20.11936667,118.56575,8.024444444,16,23,1,2007,180151,288.93,45,18.17
-20.13619667,118.54322,8.025277778,26,26,1,2015,209537,300,50,18.4
-20.108,118.5155,8.025555556,17,27,1,2006,174232,289,45,17.95
-20.13618333,118.5341333,8.025555556,21,19,2,2013,263055,328.05,57,18.83
-20.15336667,118.5400083,8.026111111,31,28,3,2008,51277,183,32.2,12.9
-20.06889333,118.5734133,8.026666667,37,12,1,2014,181015,292,45,18.3
-20.12316333,118.567295,8.027222222,2,0,1,2009,177944,292,45,18.3
-20.12165333,118.588705,8.027777778,35,13,1,2016,182631,292,45,18.15
-20.09605667,118.5400033,8.028888889,19,37,1,2014,207547,299.94,50,18.27
-20.15207667,118.5368833,8.028888889,18,27,1,2016,209200,299.95,50,18.4
-20.15187167,118.540075,8.029722222,21,41,3,2012,33175,177,28.6,10.03
-20.15035,118.5369933,8.034444444,33,30,1,2002,175775,289,45,17.78
-20.108325,118.6027583,8.034444444,35,35,1,2012,175062,291.8,45,18.25
-20.09915667,118.5269467,8.034722222,25,25,1,2011,181399,291.98,45,18.24
-20.10452167,118.6200517,8.035,36,37,1,2007,177853,292,45,18.3
-20.10809167,118.540015,8.035833333,16,32,1,2011,175153,291.8,45,18.25
-20.13305,118.5348833,8.036388889,17,28,1,2009,180018,292,45,17.92
-20.09427167,118.583955,8.0375,31,29,1,2016,206752,300,50,18.59
-20.08086833,118.5416817,8.037777778,22,23,1,2012,179719,292,45,18.21
-20.08960667,118.5237917,8.038611111,30,30,1,2017,207241,299.88,50,18.5
-20.10634167,118.5113883,8.039444444,22,27,1,2013,176532,292,45,18.3
-20.08935,118.5231,8.039722222,14,23,1,2010,179255,291.97,45,18.2
-20.105525,118.6058067,8.04,33,28,1,2016,182644,292,45,18.18
-20.11770667,118.5794367,8.040277778,23,29,1,2016,209475,300,50,18.4
-20.13549,118.513795,8.040555556,32,27,2,2008,229117,319.58,54,18.1
-20.1408,118.511245,8.041944444,23,24,2,2017,260911,327,57,18.8
-20.08221667,118.5356167,8.042222222,30,29,1,2006,176996,288.97,45,17.96
-20.11016833,118.517655,8.043333333,24,22,1,2014,181394,291.98,45,18.24
-20.13641833,118.5322983,8.045277778,24,34,1,2014,206048,299.92,50,18.4
-20.12936667,118.5218,8.045555556,16,29,1,2010,175800,291.8,45,18.25
-20.12794,118.5650867,8.046944444,12,19,1,2009,180311,294.47,46,18.1
-20.081355,118.5119867,8.048055556,23,28,1,2014,115339,254,43,14.5
-20.08607333,118.5215367,8.117222222,20,27,1,2010,32635,179.9,28.4,10.15
-20.122495,118.6314933,9.341111111,26,27,3,2010,32280,177,28.4,10.02
-20.09454333,118.511745,10.26666667,37,20,1,2017,209249,299.95,50,18.4
-20.09627667,118.5747533,14,22,26,1,2012,180125,295,46,18.1
-20.12115333,118.56676,15.50916667,28,26,1,2007,177852,291.95,45,18.3
-20.09406,118.5771317,15.825,24,29,1,2016,206938,300,50,18.59
-20.109125,118.56521,15.93305556,24,20,3,2017,17625,130.94,23,9.92
-20.12197,118.5426217,15.93527778,20,27,1,2015,179428,292,45,18.3
-20.08093833,118.5877017,15.95472222,22,25,1,2014,179965,295,46,18.1
-20.14684167,118.5226133,15.95666667,23,34,1,2012,180643,291.9,45,18.07
-20.12090667,118.61891,15.9575,14,12,1,2013,206382,299.7,50,18.23
-20.065845,118.5737533,15.95777778,18,25,1,2010,177921,292,45,18.3
-20.08539167,118.60528,15.95888889,23,25,1,2011,180132,292,45,18.22
-20.13539667,118.5417317,15.96055556,16,28,1,2011,179276,292,45,18.22
-20.12371167,118.5437267,15.96333333,36,41,2,2013,263055,328.05,57,18.83
-20.10807333,118.5436867,15.96527778,24,31,2,2016,250380,325,57,18
-20.12028667,118.6049717,15.96527778,23,26,2,2013,251022,329.95,57,18.03
-20.13652833,118.53783,15.96527778,18,26,1,2011,179191,292,45,18.32
-20.09481667,118.5382333,15.96555556,22,28,1,2010,175713,291.8,45,18.25
-20.09213833,118.53758,15.96583333,27,15,1,2016,208384,299.95,50,18.4
-20.13843667,118.5402417,15.96583333,30,28,2,2017,261085,327,57,18.8
-20.122495,118.5939383,15.96611111,16,22,1,2010,180079,295,46,18.1
-20.09244833,118.5586017,15.96722222,42,18,1,2011,180643,291.9,45,18.07
-20.13942333,118.5149967,15.96944444,38,15,1,2011,179397,292,45,18.22
-20.11995333,118.5889833,15.97027778,35,15,1,2015,180193,295,46,18.1
-20.07946,118.5950217,15.97083333,20,26,1,2016,211182,300,49,18.6
-20.11606667,118.5227183,15.97111111,32,25,1,2011,28228,169.37,27.2,9.82
-20.066915,118.5694683,15.97138889,31,30,1,2011,180300,294.47,46,18.1
-20.12092667,118.54142,15.97166667,32,16,1,2011,207855,300,50,18.22
-20.08853167,118.52365,15.97416667,17,24,1,2012,174977,291.8,45,18.27
-20.10641167,118.5687733,15.97444444,19,32,1,2014,179965,295,46,18.1
-20.12357167,118.5773683,15.975,16,28,1,2016,181221,291.98,45,18.24
-20.12593333,118.5275683,15.97555556,22,29,2,2004,229186,319.5,54,18.1
-20.12303,118.56758,15.97555556,23,28,1,2010,178978,292,45,18.2
-20.09966667,118.6217333,15.97694444,19,28,1,2010,180309,288.93,45,18.17
-20.08013833,118.5811183,15.97694444,19,38,1,2013,207435,300,50,18.2
-20.12183667,118.5793183,15.97694444,25,28,1,2016,206752,300,50,18.59
-20.08680833,118.5251367,15.97805556,22,32,1,2013,180032,295,46,18.1
-20.10516667,118.5751367,15.97916667,18,24,1,2018,210036,299.99,50,18.43
-20.1392,118.53945,15.98,18,29,3,2015,33117,179.93,28.4,10.03
-20.12395,118.5392883,15.98,24,25,3,2015,39000,179.9,30,10.6
-20.10728833,118.5411433,15.98055556,30,34,1,2017,210000,299.87,48.99,18.62
-20.13955833,118.541185,15.98194444,31,28,2,2016,250292,325,57,18
-20.093865,118.536125,15.98222222,40,15,2,2016,250292,325,57,18
-20.11916333,118.53624,15.98222222,24,32,1,2015,180193,295,46,18.1
-20.120935,118.577465,15.98277778,21,29,1,2013,206068,299.85,50,18.49
-20.11593167,118.52578,15.98333333,19,40,1,2012,92950,229.2,38,14.9
-20.13462333,118.506175,15.98333333,14,25,1,2009,178032,292,45,18.3
-20.13847833,118.5150017,15.98361111,31,24,1,2010,175868,291.8,45,18.25
-20.07082,118.5710667,15.98388889,16,29,1,2014,207547,299.94,50,18.27
-20.11,118.5747167,15.98416667,34,23,1,2008,207912,299.7,50,18.23
-20.079815,118.5753,15.98444444,30,31,1,2012,205203,299.9,50,18.37
-20.12233167,118.541465,15.98472222,20,25,1,2010,178978,292,45,18.2
-20.08039667,118.5085383,15.98472222,23,34,1,2016,181267,291.98,45,18.24
-20.09585333,118.5887517,15.985,39,13,1,2017,38868,182,30,10.5
-20.13579333,118.535535,15.985,14,27,3,2011,45996,181.54,32.2,12.17
-20.07936167,118.5279767,15.985,34,38,1,2013,181371,291.98,45,18.24
-20.093005,118.63682,15.98638889,37,25,1,2017,207812,299.88,50,18.5
-20.08042,118.593935,15.98666667,20,32,1,2011,207980,300,50,18.2
-20.10696667,118.58215,15.98694444,36,16,1,2008,28333,169.37,27.2,9.82
-20.0846,118.50745,15.98722222,18,24,1,2010,179194,291.97,45,18.2
-20.11846167,118.53663,15.9875,17,23,1,2006,203280,299.95,50,17.91
-20.13781333,118.515285,15.9875,30,26,1,2012,205203,299.9,50,18.37
-20.12465833,118.605765,15.98833333,18,28,2,2013,251022,329.95,57,18.03
-20.08016667,118.5771667,15.98916667,39,26,3,2007,40083,175.98,31,11.11
-20.13075,118.5234833,15.98944444,27,29,1,2009,207942,299.7,50,18.23
-20.08223333,118.6021,15.99,22,25,1,2009,179185,291.97,45,18.2
-20.09513333,118.5608333,15.99,26,32,1,2009,179147,292,45,18.22
-20.0924,118.5375333,15.99111111,37,41,1,2010,180309,288.93,45,18.17
-20.10902167,118.5165467,15.99138889,25,23,1,2011,179678,292,45,18.22
-20.10958333,118.6302833,15.99166667,40,11,1,2009,28336,169.37,27.2,9.82
-20.06950667,118.5769417,15.99166667,19,29,2,2009,297488,327,55,21.4
-20.11988,118.5636067,15.99166667,20,26,2,2011,297359,327,55,21.4
-20.13493167,118.5083567,15.99222222,18,24,3,2011,45996,181.54,32.2,12.17
-20.11968833,118.577565,15.9925,29,30,2,2014,250063,330,57,18.02
-20.10732667,118.561435,15.9925,21,28,1,2015,207562,299.97,50,18.47
-20.138585,118.5435083,15.99361111,42,25,1,2010,93143,229.17,38,14.9
-20.07898333,118.6218833,15.99361111,37,41,1,2012,180391,292,45,18.2
-20.12133833,118.6176417,15.99361111,25,22,2,2015,262214,325,57,18.7
-20.14193333,118.5387183,15.99361111,18,34,2,2017,261088,327,57,18.8
-20.11833,118.6078867,15.99388889,3,11,1,2011,177807,292,45,18.3
-20.085755,118.5216917,15.99444444,26,32,1,2012,175247,291.8,45.02,18.25
-20.105625,118.56537,15.99472222,29,27,1,2016,209172,299.95,50,18.4
-20.10672333,118.5636283,15.995,21,37,2,2008,229117,319.58,54,18.1
-20.096505,118.5420317,15.99527778,38,22,1,2016,209243,299.95,50,18.4
-20.12228,118.5370783,15.99555556,22,26,1,2016,207765,299.88,50,18.5
-20.10533667,118.567245,15.99583333,25,28,1,2015,216656,306,52,18.2
-20.09683333,118.5671667,15.99611111,38,17,2,2012,228783,324.99,52.5,18.1
-20.12240667,118.617645,15.99638889,23,31,1,2018,180478,291.9,45,18.2
-20.12158333,118.5406733,15.99638889,21,26,2,2013,263055,328.05,57,18.83
-20.10111167,118.5267717,15.99666667,27,25,1,2010,181529,291.98,45,18.24
-20.11995833,118.5644917,15.99694444,14,22,1,2010,175868,291.8,45,18.25
-20.09328333,118.5101333,15.99722222,23,30,1,2010,206291,299.94,50,18.1
-20.09493333,118.6018333,15.99777778,18,29,1,2009,180786,292,45,18.2
-20.138135,118.51633,15.99833333,27,28,1,2009,29256,169.99,27,10.06
-20.13058333,118.5293833,15.99861111,16,23,1,2013,114038,250,43,14.5
-20.12135833,118.535355,15.99861111,35,42,2,2010,229008,324.99,52.5,18.1
-20.06835,118.5900833,15.99916667,17,28,1,2007,106552,255.22,43,13.46
-20.09461,118.5128183,15.99916667,35,24,1,2010,180317,295,46,18.1
-20.069495,118.6073667,16,18,29,1,2012,180643,291.9,45,18.07
-20.09336333,118.5598267,16.00083333,26,32,2,2014,251029,329.95,57,18
-20.12246333,118.6034883,16.00083333,23,27,2,2017,262000,325,57,18
-20.125185,118.53381,16.00083333,25,34,2,2013,251019,329.95,57,18.02
-20.09801667,118.567025,16.00083333,37,14,1,2016,209243,299.95,50,18.4
-20.12127667,118.51254,16.00111111,34,24,1,2011,181399,291.98,45,18.24
-20.06985667,118.6074417,16.00138889,19,29,1,2012,180643,291.9,45,18.07
-20.0829,118.5995833,16.00138889,25,28,1,2011,175850,291.8,45,18.25
-20.08621667,118.5240333,16.00166667,19,27,1,2010,175858,291.8,45,18.25
-20.10589167,118.6047717,16.00166667,26,22,1,2012,203027,299.95,49,18.35
-20.07876667,118.5777767,16.00194444,38,16,2,2008,229117,319.58,54,18.1
-20.10516667,118.5235,16.00194444,22,27,1,2012,180391,292,45,18.2
-20.08163833,118.60098,16.00194444,24,30,1,2009,177736,292,45,18.32
-20.08466167,118.606325,16.00222222,38,12,1,2016,180940,292,45,18.3
-20.150575,118.5397833,16.0025,29,32,2,2011,228915,324.99,52.5,18.1
-20.13447667,118.53729,16.0025,25,26,1,2016,182503,292,45,18.18
-20.06913,118.570695,16.00277778,22,25,1,2017,182981,291.95,45,18.25
-20.07901667,118.618545,16.00277778,19,27,1,2014,206070,299.92,50.01,18.47
-20.15203333,118.53333,16.00333333,24,29,1,2017,207672,299.88,50,18.5
-20.08188333,118.6150667,16.00361111,36,27,1,2002,175775,289.03,45,17.78
-20.12031833,118.5947567,16.00388889,24,23,2,2017,262781,327,57,18.8
-20.118875,118.5653517,16.00611111,27,35,2,2011,250847,329.95,57,18.02
-20.09398333,118.6044333,16.00638889,24,35,1,2010,179719,292,45,18.2
-20.11921,118.5819067,16.00638889,29,40,1,2012,207867,300,50,18.22
-20.12143,118.5806117,16.00694444,17,23,1,2017,208662,299.9,50,18.32
-20.12945,118.5238167,16.00722222,23,23,1,2011,35009,175.6,28.4,10.42
-20.12749333,118.5206083,16.0075,21,29,1,2012,206079,299.92,50,18.4
-20.11935667,118.57677,16.00805556,26,22,3,2011,17294,142.92,21.5,9.69
-20.09285667,118.5344417,16.00805556,21,23,1,2017,178361,292,45,16.5
-20.12148667,118.54133,16.00805556,18,27,1,2012,203027,299.95,49,18.35
-20.08045167,118.5090783,16.00972222,38,25,1,2015,209529,300,50,18.4
-20.06349833,118.6041267,16.01,25,22,2,2015,250993,329.95,57,18.02
-20.134115,118.509665,16.01055556,23,31,1,2009,169031,287.5,45,17.7
-20.12800667,118.5123667,16.01055556,20,29,1,2014,207811,300,50,18.2
-20.106435,118.510425,16.01083333,19,38,1,2015,80866,229,32.26,14.45
-20.091935,118.53571,16.01083333,32,29,2,2016,260840,327,57,18.8
-20.15197833,118.53579,16.01083333,26,26,2,2017,261085,327,57,18.8
-20.08126333,118.5429867,16.01166667,35,32,1,2017,207812,299.88,50,18.5
-20.10956833,118.5828833,16.01305556,21,29,1,2016,209200,299.95,50,18.4
-20.08410167,118.5851883,16.01333333,41,22,2,2011,250847,329.95,57,18.02
-20.1251,118.5295667,16.01388889,18,31,1,2011,115488,254,43,14.5
-20.153945,118.541565,16.01388889,39,28,2,2018,261064,327,57,18.8
-20.11872,118.5766217,16.01416667,20,30,1,2012,180643,291.9,45,18.07
-20.08597833,118.52677,16.01416667,13,31,2,2010,228990,324.99,52.5,18.1
-20.13900667,118.5097267,16.01416667,36,24,1,2010,179701,292,45,18.2
-20.095065,118.5951,16.01444444,42,9,1,2010,114841,255.28,43,14.5
-20.120865,118.5683967,16.01472222,18,25,1,2013,207422,300,50,18.2
-20.09475,118.5884667,16.01555556,31,27,1,2010,180079,295,46,18.1
-20.0781,118.539055,16.01611111,19,24,2,2010,228990,324.99,52.5,18.1
-20.151135,118.5221517,16.01861111,35,38,3,2011,45996,181.54,32.2,12.17
-20.06565,118.62065,16.01861111,16,31,1,2009,178369,292,44.98,17.98
-20.098385,118.5242617,16.01861111,37,11,1,2011,179191,292,45,18.32
-20.13387667,118.534245,16.01861111,21,39,2,2017,261085,327,57,18.8
-20.10305167,118.510285,16.01916667,28,36,1,2014,207811,300,50,18.2
-20.10734,118.5645283,16.01944444,21,36,1,2011,180694,291.9,45,18.07
-20.1031,118.5297167,16.02,21,40,1,2008,180180,288.93,45,18.17
-20.07055,118.6107333,16.02027778,25,29,1,2005,203163,299.95,50,17.91
-20.104755,118.63366,16.02083333,15,27,1,2017,209331,299.95,50,18.4
-20.08639333,118.5231867,16.02111111,17,29,1,2014,115297,254,43,14.5
-20.08142,118.5386717,16.02166667,21,30,1,2011,180467,294.47,46,18.1
-20.09137833,118.5889067,16.02166667,16,29,1,2016,209090,299.95,50,18.4
-20.12035833,118.563005,16.02166667,25,25,2,2018,261064,327,57,18.8
-20.094095,118.536715,16.02194444,13,25,2,2010,229008,324.99,52.5,18.1
-20.12493333,118.5790833,16.02194444,18,39,1,2010,207993,299.7,50,18.23
-20.15262667,118.5416433,16.02361111,35,21,1,2017,207392,299.88,50,18.5
-20.06987333,118.6071967,16.02527778,23,29,1,2012,180643,291.9,45,18.07
-20.08084,118.5807033,16.02527778,19,24,1,2014,207547,299.94,50,18.27
-20.06835,118.589945,16.02666667,21,24,1,2011,115259,255.2,43,14.5
-20.124775,118.5245867,16.02666667,14,28,1,2012,179322,292,45,18.32
-20.10936333,118.5665217,16.02694444,34,32,2,2017,261088,327,57,18.8
-20.10741667,118.56625,16.02722222,42,27,1,2010,181417,292,45,18.18
-20.09486167,118.6160867,16.02722222,24,26,1,2010,177921,292,45,18.3
-20.094335,118.534595,16.02722222,22,28,1,2017,207672,299.88,50,18.5
-20.07989167,118.5971683,16.0275,19,22,1,2016,207765,299.88,50,18.5
-20.08253333,118.5426667,16.02833333,24,26,1,2011,208001,300,50,18.2
-20.07781667,118.5373317,16.02833333,23,36,1,2016,179167,292,45,18.2
-20.11018,118.59226,16.02833333,19,27,1,2011,179797,292,45,18.22
-20.10885833,118.5148817,16.02861111,39,17,1,2015,207562,299.97,50,18.47
-20.13025,118.5312667,16.02944444,19,24,1,2010,207945,299.7,50,18.23
-20.0712,118.62005,16.03083333,23,34,1,2011,175609,289.8,45,18.12
-20.13285,118.5396833,16.03166667,16,29,1,2006,171680,289,45,17.92
-20.134815,118.5410783,16.03222222,26,36,1,2010,174713,289.98,45,18.03
-20.09560667,118.59563,16.035,20,24,2,2015,250993,329.95,57,18.02
-20.10021,118.51978,16.03527778,22,27,1,2009,179223,291.97,45,18.2
-20.12175667,118.58102,16.03555556,36,40,1,2017,207392,299.88,50,18.5
-20.127545,118.520795,16.03583333,19,30,1,2014,180300,295,46,18.1
-20.09971,118.5647333,16.03611111,14,28,2,2008,229117,319.58,54,18.1
-20.12054833,118.603935,16.0375,25,27,3,2015,33117,179.93,28.4,10.03
-20.083935,118.57891,16.03861111,21,26,1,2016,209090,299.95,50,18.4
-20.06676667,118.6191217,16.03888889,21,26,1,2010,178978,292,45,18.2
-20.12205,118.59575,16.04444444,34,29,1,2008,177987,292,45,18.3
-20.07901,118.5350517,16.0525,35,29,2,2015,250345,325,57,18
-20.12154,118.56082,16.05611111,26,32,1,2012,177935,292,45,18.3
-20.12004,118.588225,16.05694444,18,28,1,2016,209243,299.95,50,18.4
-20.12433333,118.5896667,16.05777778,23,20,2,2012,228783,324.99,52.5,18.1
-20.06795833,118.63614,16.06694444,31,35,1,2011,175800,291.8,45,18.25
-20.07941333,118.5154567,16.10861111,16,12,1,2014,205960,299.92,50,18.4
-20.09483833,118.5612683,16.12361111,25,30,1,2015,207219,299.94,50,18.27
-20.091915,118.538945,16.19055556,33,16,1,2012,177935,292,45,18.3
-20.09876,118.616115,16.21222222,22,20,1,2010,179701,291.97,45,18.2
-20.08335667,118.5145717,16.22694444,19,29,1,2010,114167,250,43,15
-20.0925,118.5937833,16.24333333,23,25,1,2012,179004,291.96,45,18.22
-20.06697833,118.5878783,16.40555556,21,24,1,2009,178076,292,45,18.3
-20.09690167,118.6046217,16.52694444,19,19,2,2011,226434,319.58,54,18.12
-20.119615,118.6326117,16.94444444,25,24,1,2014,95591,234.98,38,14.47
-20.12434,118.6307017,17.00527778,34,42,1,2011,182307,292,45,18.18
-20.13706167,118.532455,17.34638889,26,27,1,2012,176000,292,45,18.3
-20.12354667,118.6198467,18.17194444,21,23,2,2017,261761,327,57,18.83
-20.09243667,118.5181517,23.23722222,18,27,1,2016,179129,292,45,18.2
-20.092965,118.5617183,23.82138889,24,32,1,2014,181062,292,45,18.3
-20.094525,118.5816133,23.93666667,36,28,1,2016,211182,300,49,18.6
-20.08168333,118.6250167,23.95833333,25,23,1,2014,175878,291.8,45,18.25
-20.12798667,118.5248183,23.95888889,31,38,3,2011,8499,112.21,19,7.6
-20.12298,118.586745,23.96055556,41,22,1,2009,177736,292,45,18.32
-20.08132333,118.513425,23.96194444,16,24,3,2013,27930,169.36,27.2,9.82
-20.09574333,118.5105167,23.96305556,23,27,1,2012,205203,299.9,50,18.37
-20.12581667,118.514075,23.96333333,24,27,1,2015,179667,295,46,18.1
-20.11068333,118.5671667,23.96333333,28,32,1,2005,180201,288.93,45,18.17
-20.12243,118.593295,23.96388889,40,20,1,2011,179558,292,45,18.2
-20.10992167,118.5111633,23.96472222,21,27,1,2013,206378,299.7,50,18.23
-20.12228167,118.59554,23.96527778,36,31,1,2013,206010,299.92,50,18.4
-20.08299833,118.6159833,23.96555556,23,33,1,2011,176320,292,45,18.3
-20.08960667,118.520075,23.96694444,30,28,1,2010,114861,255.2,43,14.5
-20.07938,118.5879367,23.96694444,42,23,1,2010,174713,289.98,45,18.03
-20.096935,118.51468,23.96805556,21,25,1,2011,92996,229.2,38,14.9
-20.12365833,118.6086683,23.96805556,23,26,1,2011,93072,229.2,38,14.9
-20.08377333,118.6169333,23.96916667,35,31,1,2012,206040,299.92,50,18.4
-20.08201667,118.5125767,23.97055556,21,39,1,2016,178332,292,45,16.5
-20.0663,118.5873333,23.97166667,23,25,1,2007,180180,288.93,45,18.17
-20.12192833,118.5060767,23.97166667,16,24,1,2011,182128,292,45,18.18
-20.12549667,118.5783883,23.97222222,22,24,1,2011,206565,299.7,50,18.23
-20.08103833,118.6241483,23.97333333,37,29,1,2010,174667,289.98,45,17.94
-20.12415,118.5129833,23.97527778,23,32,1,2009,180661,292,45,18.2
-20.10176667,118.5260333,23.97861111,16,33,3,2007,72562,225,32.26,13.9
-20.12838833,118.5238683,23.97888889,22,38,1,2011,176000,292,45,18.3
-20.12204167,118.536885,23.97972222,21,29,2,2017,261084,327,57,18.8
-20.06824667,118.5725983,23.98,22,32,1,2008,173723,289,45,18.22
-20.12308,118.561955,23.98111111,25,26,1,2010,181458,291.98,45,18.24
-20.12045333,118.5660317,23.98138889,22,30,1,2011,107392,254.99,43,13.53
-20.10859167,118.541285,23.98166667,15,24,1,2016,180940,292,45,18.3
-20.099965,118.528305,23.98194444,25,32,1,2009,180361,294.47,46,18.12
-20.0934,118.5755833,23.98222222,18,32,1,2010,180176,288.93,45,18.17
-20.06726667,118.5704167,23.98305556,28,28,1,2009,182060,292,44.98,18.28
-20.09841,118.5926617,23.98361111,20,23,2,2017,261088,327,57,18.8
-20.10181667,118.5236,23.98444444,15,25,1,2006,171680,289,45,17.92
-20.10773333,118.5773817,23.98472222,40,15,2,2011,228915,324.99,52.5,18.1
-20.07801833,118.5154867,23.985,27,33,1,2013,181125,292,45,18.2
-20.12134833,118.5834717,23.98611111,24,24,1,2011,178459,292,44.98,17.98
-20.11890333,118.5368517,23.98666667,28,27,1,2012,203027,299.95,49,18.35
-20.06681,118.627755,23.98722222,31,29,2,2013,263055,328.05,57,18.83
-20.12183667,118.541795,23.9875,41,20,1,2011,179156,292,45,18.32
-20.06708333,118.6105967,23.9875,38,19,2,2017,260911,327,57,18.8
-20.10701667,118.6042,23.98777778,24,30,1,2005,177243,288.97,45,17.96
-20.10748667,118.6148133,23.98916667,20,37,1,2011,179276,292,45,18.22
-20.08328833,118.6363083,23.98916667,15,29,1,2013,209804,299.99,50,18.43
-20.06848333,118.6080167,23.98944444,37,9,1,2005,177005,288.97,45,17.96
-20.12276,118.565185,23.98972222,18,28,1,2014,207529,299.94,50,18.27
-20.11249333,118.5777367,23.99,22,38,1,2010,178076,292,45,18.32
-20.07103333,118.6284667,23.99055556,14,29,1,2009,180132,292,45,17.92
-20.10951833,118.565205,23.99222222,19,27,1,2015,78184,225,32.2,14.43
-20.13353667,118.5352967,23.99277778,22,29,2,2016,250292,325,57,18
-20.13408833,118.5419533,23.99277778,19,28,2,2013,251019,329.95,57,18.02
-20.0786,118.5093333,23.99277778,34,33,1,2011,208001,300,50,18.2
-20.07393333,118.52365,23.99305556,22,37,1,2009,182060,292,44.98,18.28
-20.110065,118.5659067,23.99361111,17,37,1,2013,181125,292,45,18.2
-20.11866,118.5619383,23.99361111,21,25,2,2018,261052,327,57,18.8
-20.12210833,118.5666383,23.99416667,18,30,1,2008,177878,292,45,18.3
-20.10217167,118.5279817,23.99472222,30,28,1,2012,176389,292,45,18.3
-20.08066667,118.594,23.995,38,40,1,2011,118936,259.91,43,14.5
-20.13798833,118.5415717,23.995,19,29,2,2012,228517,324.99,52.5,18.1
-20.10115667,118.526665,23.99555556,15,34,1,2008,180274,288.93,45,18.17
-20.12221,118.5969317,23.99555556,27,29,1,2011,176000,292,45,18.3
-20.07063333,118.57412,23.99583333,21,25,1,2011,181458,291.98,45,18.24
-20.10656833,118.5650567,23.99638889,14,29,1,2016,179177,292.26,45,18.32
-20.07915,118.6021667,23.99666667,32,31,1,2009,179759,292,45,17.92
-20.1123,118.6047683,23.99722222,28,31,1,2013,206108,299.92,50,18.4
-20.09023333,118.5254833,23.9975,39,29,1,2010,28201,169.37,27.2,9.82
-20.10666667,118.5751333,23.9975,17,26,1,2011,114078,250,43,14.5
-20.12913833,118.5299383,23.99805556,20,29,1,2013,206400,299.7,50,18.23
-20.12116667,118.5958667,23.99861111,35,26,1,2011,207900,300,50,18.2
-20.09628667,118.56025,23.99861111,24,25,1,2012,176217,292,45,18.3
-20.078295,118.59435,23.99888889,23,31,1,2014,187882,299.84,47.5,18.02
-20.08211667,118.582115,23.99888889,23,19,1,2012,203027,299.95,49,18.35
-20.12271,118.6083967,23.99916667,24,28,1,2011,181458,291.98,45,18.24
-20.09301667,118.5181333,23.99944444,30,40,1,2013,114038,250,43,14.5
-20.10761667,118.6063667,23.99944444,24,24,1,2019,180651,292,45,18.3
-20.06854167,118.6086167,24.00027778,21,30,1,2015,209537,300,50,18.4
-20.09698,118.6304767,24.00027778,35,13,1,2016,206752,300,50,18.59
-20.12016667,118.5353333,24.00055556,24,30,2,2012,228517,324.99,52.5,18.1
-20.09358167,118.5249367,24.00083333,22,25,1,2012,179397,292,45,18.22
-20.12398333,118.5839333,24.00111111,22,29,1,2006,176955,288.97,45,17.96
-20.110065,118.61793,24.00138889,19,29,1,2012,110909,240,43.05,14.7
-20.11685,118.5228417,24.00138889,29,33,1,2015,207562,299.97,50,18.47
-20.12199833,118.5683283,24.00166667,29,27,1,2012,180643,291.9,45,18.07
-20.10688333,118.6117833,24.00166667,38,21,1,2006,174240,289,45,18.12
-20.10689333,118.514435,24.00166667,24,30,1,2009,179223,291.97,45,18.2
-20.095335,118.5936817,24.00194444,27,35,1,2010,177700,292,45,18.3
-20.09714,118.60602,24.0025,29,29,1,2017,207392,299.88,50,18.5
-20.108795,118.5145667,24.00333333,28,31,1,2015,180193,295,46,18.1
-20.09596333,118.6213267,24.00361111,18,31,1,2016,208931,299.95,50,18.4
-20.07022833,118.593675,24.00388889,31,40,1,2011,180643,291.9,45,18.07
-20.13557667,118.5387817,24.00444444,35,24,3,2012,45950,181.54,32.2,12.17
-20.121455,118.60936,24.00444444,18,20,2,2017,262000,325,57,18
-20.12664,118.5964017,24.00527778,17,23,1,2016,179179,292,45,18.2
-20.09416667,118.5443333,24.00555556,39,13,2,2011,228800,324.99,52.5,18.1
-20.070085,118.5912967,24.00583333,36,42,1,2011,180643,291.9,45,18.07
-20.07259,118.6313183,24.00583333,20,26,1,2016,209172,299.95,50,18.4
-20.12806333,118.5293267,24.00583333,15,23,1,2017,207392,299.88,50,18.5
-20.10854167,118.5395383,24.00638889,1,0,1,2015,205471,299.95,50,18.25
-20.11102333,118.5693017,24.00694444,19,24,1,2017,208827,299.95,50,18.42
-20.12515,118.5642167,24.00722222,22,32,1,2009,180018,292,45,17.92
-20.10766667,118.5406667,24.00722222,17,26,2,2012,228783,324.99,52.5,18.1
-20.110415,118.6338783,24.00777778,15,22,1,2011,180643,291.9,45,18.07
-20.10758333,118.567095,24.00777778,22,39,1,2015,216656,306,52,18.2
-20.10806667,118.5096167,24.00833333,15,26,1,2006,176996,288.97,45,17.96
-20.08192167,118.6362483,24.00833333,18,26,1,2011,176216,291.95,45,18.3
-20.07536667,118.5248817,24.00861111,22,30,3,2014,32723,179.84,28.4,10
-20.10605667,118.5915183,24.00916667,19,32,1,2010,176354,292,45,18.3
-20.12898333,118.5198667,24.01,27,30,1,2004,180310,288.93,45,18.17
-20.10556333,118.5088983,24.01,19,27,2,2011,299688,339.95,55,21.42
-20.12216667,118.5161667,24.01083333,29,26,1,2011,207900,300,50,18.2
-20.09371333,118.5887683,24.01138889,25,38,1,2014,206070,299.92,50.01,18.47
-20.13488,118.5396267,24.01166667,21,26,3,2017,45999,183.06,32.2,12.32
-20.12695833,118.5255117,24.01194444,23,36,3,2011,8473,112.21,19,7.6
-20.10866667,118.5428,24.0125,31,29,1,2006,174204,289,45,18.12
-20.1196,118.5390467,24.01277778,36,12,1,2006,203280,299.95,50,17.91
-20.07421667,118.5273333,24.01277778,18,29,1,2007,171926,289,45,17.92
-20.094315,118.563845,24.01333333,20,29,1,2011,180643,291.9,45,18.07
-20.09325,118.5123683,24.01388889,37,28,1,2010,170018,287,45,17.7
-20.12562667,118.52188,24.01416667,34,16,1,2016,178332,292,45,16.5
-20.10798167,118.5805867,24.01416667,32,35,1,2016,179179,292,45,18.2
-20.12241333,118.5339933,24.01416667,36,27,2,2018,261064,327,57,18.8
-20.09481333,118.542755,24.01472222,21,40,1,2017,180003,294.98,46,18.1
-20.110725,118.5665167,24.015,14,29,2,2013,263055,328.05,57,18.83
-20.13435,118.5416667,24.01555556,17,29,1,2006,180201,288.93,45,18.17
-20.079935,118.58176,24.01611111,34,16,1,2016,180005,295,46,18.1
-20.12021833,118.507545,24.01611111,29,31,1,2012,206079,299.92,50,18.4
-20.09349333,118.5096817,24.01638889,22,25,1,2011,206565,299.7,50,18.23
-20.10658833,118.5813267,24.01638889,20,36,1,2010,175611,291.8,45,18.25
-20.15369667,118.5400333,24.01722222,21,33,1,2017,38805,182,30,10.52
-20.09441833,118.59419,24.01722222,33,32,1,2019,207000,299.88,50,18.4
-20.10953667,118.5870817,24.01777778,12,25,1,2012,180517,291.9,45,18.07
-20.09516667,118.5748333,24.01805556,14,29,2,2012,228517,324.99,52.5,18.1
-20.09393667,118.6272733,24.01805556,24,24,1,2011,180407,294.47,46,18.1
-20.098615,118.630895,24.01833333,19,29,1,2010,169138,289.9,45,17.8
-20.12126667,118.56858,24.01833333,23,26,1,2011,179067,292,45,18.32
-20.12148333,118.5882783,24.01916667,13,29,1,2012,207947,300,50,18.22
-20.12060833,118.5393683,24.01916667,20,35,1,2014,181214,291.98,45,18.24
-20.14079667,118.5366417,24.01944444,38,11,2,2016,260840,327,57,18.8
-20.13594833,118.5403383,24.01972222,24,31,1,2009,32949,179.9,28.4,10.15
-20.06728667,118.59637,24.02027778,24,30,1,2012,175428,291.8,45,18.25
-20.09911667,118.5918333,24.02111111,25,25,1,2011,114091,250,43,14.5
-20.0692,118.5731,24.02194444,22,26,1,2005,177005,288.97,45,17.96
-20.10676833,118.629365,24.02222222,15,26,1,2010,177921,292,45,18.3
-20.10678333,118.63435,24.0225,17,29,1,2005,176269,289,45,17.85
-20.06826167,118.60208,24.0225,29,29,1,2016,179167,292,45,18.2
-20.14056333,118.5408017,24.0225,19,27,2,2016,260840,327,57,18.8
-20.09743,118.5796883,24.02361111,25,26,1,2017,211081,300,49,18.6
-20.10726667,118.57907,24.02555556,29,26,1,2010,182133,295,46,18.28
-20.11101667,118.5966967,24.02638889,36,16,1,2011,176320,292,45,18.3
-20.076905,118.512285,24.02694444,37,32,1,2004,203248,299.95,50,17.91
-20.10302833,118.533045,24.0275,25,40,1,2011,180399,294.47,46,18.1
-20.08273167,118.5363183,24.02777778,41,22,1,2013,206108,299.92,50,18.4
-20.10936667,118.5690733,24.02805556,17,24,1,2010,180086,294.47,46,18.1
-20.09665667,118.5262833,24.02916667,15,27,1,2019,183017,291.99,45,18.22
-20.08016167,118.5354833,24.03,16,30,1,2010,182279,295,46,18.28
-20.12232167,118.597525,24.03055556,30,18,1,2010,178987,292,45,18.2
-20.06985167,118.630615,24.03138889,19,37,1,2014,205960,299.92,50,18.4
-20.12351667,118.5417817,24.0325,23,37,2,2013,251019,329.95,57,18.02
-20.12951333,118.5247033,24.03277778,29,28,1,2013,107235,254.99,43,13.53
-20.06512333,118.5926417,24.03305556,20,33,2,2012,228749,324.99,52.5,18.1
-20.10782,118.5367167,24.03388889,18,28,1,2006,173624,289,45,18.22
-20.085115,118.5412533,24.03444444,23,28,1,2018,208660,299.9,50,18.27
-20.12296,118.59541,24.035,18,26,1,2013,181381,291.98,45,18.24
-20.0672,118.602,24.03611111,20,25,1,2010,180391,292,45,18.2
-20.10601,118.5736283,24.03833333,20,27,1,2018,208564,299.95,50,18.32
-20.1237,118.6099567,24.03916667,26,31,1,2013,205170,299.95,50,18.25
-20.08440833,118.5348683,24.04027778,25,25,1,2017,208864,299.95,50,18.42
-20.08521,118.6192333,24.04138889,31,23,1,2012,207867,300,50,18.22
-20.09311333,118.5871133,24.04277778,33,22,1,2011,181399,291.98,45,18.24
-20.09359667,118.58031,24.04277778,15,31,1,2012,206125,299.92,50,18.4
-20.086455,118.5219133,24.05527778,20,24,1,2012,206396,299.7,50,18.23
-20.08376833,118.6208083,24.06388889,20,29,1,2014,205960,299.92,50,18.4
-20.12245333,118.565735,24.06833333,22,29,2,2018,261046,327,57,18.8
-20.108,118.60785,24.17277778,15,12,1,2011,115000,255,43,14.5
-20.08050667,118.59427,24.18083333,40,21,1,2013,206068,299.85,50,18.49
-20.13788333,118.5412167,24.21472222,29,28,1,2005,174332,289,45,18.1
-20.07976667,118.5109167,24.30361111,21,23,1,2011,175609,289.8,45,18.12
-20.06875,118.572545,24.32833333,16,24,1,2013,181125,292,45,18.2
-20.10510667,118.6197267,24.41777778,33,17,1,2016,179167,292,45,18.2
-20.109525,118.6086767,24.50833333,39,19,1,2012,180125,295,46,18.1
-20.06366333,118.6188367,31.84138889,24,28,1,2010,177830,292,45,18.32
-20.106,118.5693333,31.955,37,24,2,2011,228800,324.99,52.5,18.1
-20.11939333,118.5409817,31.95666667,20,27,1,2012,181429,291.98,45,18.24
-20.10722167,118.62256,31.95805556,28,30,1,2012,181408,291.98,45,18.24
-20.12152833,118.5421,31.95861111,26,25,1,2015,179549,295,46,18.1
-20.11385667,118.52985,31.95888889,21,32,1,2014,209996,299.99,50,18.43
-20.12237833,118.5675583,31.96166667,23,27,2,2017,261085,327,57,18.8
-20.10072667,118.5228683,31.96305556,41,21,1,2012,28236,169.37,27.2,9.82
-20.0823,118.607545,31.96416667,16,22,1,2009,180361,294.47,46,18.12
-20.10688167,118.5606233,31.96444444,29,28,1,2011,179156,292,45,18.32
-20.15146333,118.5243633,31.96472222,29,39,3,2014,49478,183,32.2,13.3
-20.09784,118.540435,31.96472222,23,29,1,2011,179276,292,45,18.22
-20.108185,118.56803,31.96638889,28,29,1,2017,209190,299.95,50,18.4
-20.12186667,118.515325,31.96694444,31,28,1,2015,181010,292,45,18.3
-20.08274667,118.5827133,31.96722222,24,26,1,2011,180694,291.9,45,18.07
-20.09344667,118.5149967,31.96805556,30,28,1,2016,182631,292,45,18.15
-20.107065,118.6013,31.96944444,24,29,1,2013,206068,299.85,50,18.49
-20.07848833,118.6159567,31.96972222,26,25,1,2019,207000,299.88,50,18.4
-20.10955333,118.5773033,31.97444444,23,27,1,2011,179469,291.97,45,18.22
-20.09694167,118.581375,31.97472222,17,37,1,2015,180193,295,46,18.1
-20.09416833,118.510235,31.97666667,21,29,1,2018,208564,299.95,50,18.32
-20.07706667,118.5111883,31.97777778,25,39,1,2010,178978,292,45,18.2
-20.09424,118.6009217,31.97805556,24,33,1,2012,205097,299.9,50,18.37
-20.10991833,118.54113,31.97861111,18,26,1,2012,178929,292,45,18.32
-20.10914833,118.6298933,31.97972222,37,10,1,2009,177933,292,45,18.3
-20.119015,118.5348167,31.98055556,28,26,1,2011,180389,294.47,46,18.1
-20.08181,118.6223017,31.98055556,24,30,1,2017,180003,294.98,46,18.1
-20.09275,118.5401333,31.98083333,34,17,1,2006,203512,299.9,50,18.1
-20.10946667,118.5075667,31.98083333,21,27,1,2007,206190,299.94,50,18.1
-20.096265,118.5961483,31.98166667,13,25,1,2007,177853,292,45,18.3
-20.09499,118.6196483,31.9825,33,31,1,2014,179033,292.26,45,18.32
-20.10669667,118.5648967,31.98472222,25,30,1,2011,176000,292,45,18.3
-20.084345,118.577425,31.98527778,41,13,1,2010,180079,295,46,18.1
-20.09379167,118.574615,31.98527778,18,25,1,2012,207947,300,50,18.22
-20.12356667,118.5413833,31.98555556,39,42,1,2009,179700,292,45,18.2
-20.11102,118.57012,31.98611111,30,19,1,2017,207389,299.88,50,18.5
-20.09506667,118.59465,31.98694444,24,25,1,2007,175874,289,45,17.82
-20.11995833,118.5930933,31.98722222,39,19,2,2013,251022,329.95,57,18.03
-20.07958333,118.5072333,31.98722222,25,28,1,2008,206312,299.94,50,18.1
-20.090895,118.62712,31.98722222,27,32,1,2010,182718,292,45,18.2
-20.12209167,118.5163067,31.98888889,18,24,1,2016,179505,295,46,18.1
-20.11996667,118.5771167,31.98972222,24,32,1,2009,182060,292,44.98,18.28
-20.11621667,118.52465,31.99027778,26,28,1,2013,114038,250,43,14.5
-20.08044,118.6327667,31.99027778,32,27,1,2011,119473,245,43.06,15.4
-20.13066167,118.5279933,31.99083333,25,27,1,2012,179719,292,45,18.21
-20.072005,118.6357367,31.99138889,36,40,1,2018,208660,299.9,50,18.27
-20.13834667,118.5145867,31.99138889,33,28,1,2012,177935,292,45,18.3
-20.06561667,118.6018,31.9925,27,31,2,2018,261052,327,57,18.8
-20.08420667,118.618345,31.99361111,26,26,1,2011,179488,291.97,45,18.22
-20.07146667,118.6323117,31.99361111,22,27,1,2016,207709,299.88,50,18.5
-20.12041333,118.5671233,31.99444444,26,23,1,2008,170039,289.9,45,17.8
-20.09848667,118.511465,31.99472222,17,38,1,2013,114775,255.2,43,14.5
-20.104955,118.60412,31.995,14,23,2,2016,250380,325,57,18
-20.07913333,118.5752167,31.99555556,20,26,1,2009,169332,289.9,45,17.8
-20.12368667,118.5918317,31.99583333,22,24,2,2016,250292,325,57,18
-20.11888333,118.5933667,31.99583333,17,27,1,2005,175500,289,45,18.2
-20.10753167,118.6139083,31.99694444,23,21,1,2013,206010,299.92,50,18.4
-20.08013167,118.6041517,31.99722222,23,28,1,2011,180388,294.47,46,18.1
-20.12719833,118.527435,31.9975,36,27,1,2016,207709,299.88,50,18.5
-20.13626167,118.53679,31.99805556,23,27,1,2010,93062,229.2,38,14.9
-20.09119,118.5791783,31.99833333,27,24,1,2016,179258,291.97,45,18.22
-20.08122333,118.6151167,31.99833333,41,21,1,2011,175800,291.8,45,18.25
-20.09997333,118.5277917,31.99833333,26,25,1,2011,176216,291.95,45,18.3
-20.12335,118.5357067,31.99833333,18,30,1,2014,207562,299.97,50,18.47
-20.09829,118.5363717,31.99861111,20,29,2,2017,261085,327,57,18.8
-20.13682,118.5405033,31.99888889,20,36,1,2016,209551,300,50,18.4
-20.08321667,118.5419167,31.99916667,26,30,1,2008,180183,288.93,45,18.17
-20.07181,118.52523,31.99972222,29,28,1,2012,115066,254,43,14.5
-20.10681167,118.5633883,31.99972222,24,24,1,2016,181162,291.98,45,18.24
-20.11884833,118.6237367,31.99972222,27,32,2,2017,261088,327,57,18.8
-20.1203,118.5748933,32.00055556,13,26,1,2010,181529,291.98,45,18.24
-20.11970833,118.5323733,32.00055556,14,25,1,2013,206010,299.92,50,18.4
-20.11856667,118.533,32.00083333,24,30,1,2010,207945,299.7,50,18.23
-20.09948833,118.5227267,32.00166667,21,29,1,2015,78184,225,32.2,14.43
-20.09500833,118.563335,32.00222222,24,32,1,2011,180643,291.9,45,18.07
-20.10657333,118.6298583,32.00305556,26,24,1,2011,176216,291.95,45,18.3
-20.12253,118.5844117,32.00361111,31,27,1,2012,175620,291.8,45,18.25
-20.10736167,118.6084867,32.00361111,22,24,1,2013,206010,299.92,50,18.4
-20.09735,118.5746333,32.00388889,27,29,1,2006,154068,274.93,47,16.27
-20.0815,118.5404833,32.00388889,36,41,1,2005,175500,289,45,18.2
-20.09941333,118.5397933,32.00388889,38,14,1,2008,173723,289,45,18.22
-20.06837167,118.612035,32.00416667,31,26,2,2019,250194,329.95,57,18.02
-20.068145,118.6309367,32.00416667,25,25,1,2011,207855,300,50,18.22
-20.09292,118.5104167,32.00416667,25,33,1,2014,175656,291.8,45,18.25
-20.07928333,118.6336,32.00472222,30,33,1,2011,175975,291.8,45,18.25
-20.09388333,118.619395,32.00472222,31,29,1,2016,208931,299.95,50,18.4
-20.07676667,118.52019,32.005,33,29,2,2004,229186,319.5,54,18.1
-20.081055,118.5143883,32.00666667,40,26,1,2012,93266,229.2,38,14.9
-20.09692333,118.5166967,32.00666667,23,29,1,2017,178332,292,45,16.5
-20.08331833,118.6214233,32.00666667,19,32,1,2011,176536,292,45,18.3
-20.072195,118.5253633,32.00694444,23,25,1,2011,107288,254.99,43,13.53
-20.097315,118.5946683,32.0075,28,31,1,2010,176354,292,45,18.3
-20.08479167,118.5258933,32.00777778,20,25,1,2015,207451,299.94,50,18.27
-20.12070167,118.5416733,32.00888889,16,39,1,2011,180643,291.9,45,18.07
-20.10457333,118.5772983,32.00888889,32,37,1,2011,179469,291.97,45,18.22
-20.09373667,118.6039733,32.00888889,33,29,1,2016,180967,291.98,45,18.24
-20.12355833,118.54088,32.00944444,37,27,2,2017,262000,325,57,18
-20.07678167,118.5349033,32.01027778,24,39,2,2012,228749,324.99,52.5,18.1
-20.09981,118.5104683,32.01055556,24,26,1,2016,206752,300,50,18.59
-20.10502333,118.54006,32.01055556,25,29,1,2016,211182,300,49,18.6
-20.11923333,118.5739667,32.01083333,14,29,1,2007,203512,299.9,50,18.1
-20.09589167,118.5423033,32.01111111,22,26,1,2012,206562,299.7,50,18.23
-20.14970167,118.5377083,32.01138889,42,22,3,2011,45996,181.54,32.2,12.17
-20.10991833,118.5807317,32.01138889,38,29,2,2019,250194,329.95,57,18.02
-20.12409833,118.594955,32.01138889,27,28,1,2016,179258,291.97,45.05,18.22
-20.08113833,118.58258,32.01222222,25,30,1,2010,93062,229.2,38,14.9
-20.12229,118.5130867,32.01222222,12,24,1,2012,176389,292,45,18.3
-20.09492667,118.51512,32.01305556,23,29,1,2011,179062,292,45,18.3
-20.10538833,118.5594333,32.01388889,25,32,1,2014,207811,300,50,18.2
-20.06701667,118.6187333,32.01444444,30,30,1,2006,171680,289,45,17.92
-20.06466,118.62776,32.01472222,40,23,1,2012,179185,291.97,45,18.22
-20.09325,118.5833833,32.015,26,14,1,2010,182060,292,44.98,18.28
-20.10765167,118.6080833,32.01583333,22,39,1,2016,207709,299.88,50,18.5
-20.09346167,118.5131483,32.01638889,20,37,1,2009,177974,292,45,18.3
-20.07275167,118.5245483,32.01666667,14,30,1,2006,174333,289,45,18.1
-20.136095,118.5162567,32.01722222,27,30,2,2013,251019,329.95,57,18.02
-20.12254667,118.50856,32.01805556,43,21,1,2013,180032,295,46,18.1
-20.124215,118.5094683,32.01805556,17,29,1,2016,180940,292,45,18.3
-20.09396667,118.57973,32.01833333,34,28,1,2012,115079,254,43,14.5
-20.12369167,118.566475,32.01833333,19,41,1,2016,209172,299.95,50,18.4
-20.095145,118.62298,32.01861111,26,31,1,2011,180159,295,46,18.1
-20.09709833,118.5678233,32.02,23,26,1,2013,207422,300,50,18.2
-20.09383667,118.6083483,32.02,24,30,1,2016,206938,300,50,18.59
-20.104355,118.620215,32.02083333,22,37,1,2013,206068,299.85,50,18.49
-20.11820167,118.5127117,32.02111111,26,26,1,2014,179910,295,46,18.1
-20.06867833,118.594375,32.02138889,21,27,2,2011,229126,324.99,52.5,18.1
-20.11070167,118.5821567,32.02166667,27,30,1,2012,207867,300,50,18.22
-20.12132,118.541075,32.02222222,21,28,1,2014,206030,299.92,50,18.4
-20.06778333,118.5950833,32.0225,23,24,1,2011,207978,300,50,18.2
-20.12835667,118.535855,32.02333333,25,24,1,2010,180702,292,45,18.2
-20.124135,118.5792067,32.02416667,18,20,2,2016,250380,325,57,18
-20.12038833,118.5889433,32.02472222,32,27,1,2014,187882,299.84,47.5,18.02
-20.08869667,118.5271833,32.025,35,31,1,2012,175589,291.8,45,18.25
-20.09641167,118.5830783,32.02555556,23,27,1,2010,174713,289.98,45,18.03
-20.10679167,118.5664333,32.02583333,29,29,1,2017,207672,299.88,50,18.5
-20.10661,118.5079783,32.02861111,25,30,1,2016,180940,292,45,18.3
-20.09504167,118.5425217,32.02888889,29,18,2,2011,226434,319.58,54,18.12
-20.1084,118.57475,32.02916667,26,29,1,2010,179147,292,45,18.22
-20.08412833,118.54252,32.02944444,14,23,1,2017,207810,299.88,50,18.5
-20.13972167,118.5426317,32.02944444,20,25,1,2017,207721,299.98,50,18.5
-20.098,118.54385,32.03027778,26,25,1,2010,179719,292,45,17.92
-20.11016667,118.5655,32.03027778,31,32,2,2011,228771,324.99,52.5,18.1
-20.13666667,118.5423317,32.03416667,17,23,3,2011,45931,181.53,32.2,12.17
-20.117925,118.52745,32.03944444,30,28,1,2012,207856,300,50,18.22
-20.09554,118.5674883,32.04111111,33,29,1,2015,209529,300,50,18.4
-20.123015,118.5790317,32.04166667,26,30,1,2009,179223,291.97,45,18.2
-20.10751667,118.6371,32.04555556,26,30,1,2009,180661,292,45,18.2
-20.11732833,118.593335,32.04555556,15,27,1,2006,173541,289,45,18.22
-20.09591667,118.6267333,32.05916667,24,27,1,2006,176996,288.97,45,17.96
-20.10648333,118.564875,32.06944444,24,33,1,2011,28253,169.37,27.2,9.82
-20.06909667,118.6138817,32.07027778,22,31,1,2012,181415,291.98,45,18.24
-20.094765,118.6087017,32.08611111,32,20,1,2015,209529,300,50,18.4
-20.13463,118.5356483,32.08722222,23,30,2,2011,250847,329.95,57,18.02
-20.08080667,118.6152317,32.30777778,17,26,1,2009,177736,292,45,18.32
-20.06733333,118.5859333,36.96083333,28,31,1,2009,180018,292,45,17.92
-20.092155,118.6027367,39.23611111,29,33,1,2014,209749,299.99,50,18.43
-20.08379667,118.5354983,39.40027778,22,21,1,2012,206040,299.92,50,18.4
-20.12323333,118.5095167,39.95416667,23,25,1,2010,175800,291.8,45,18.25
-20.10503833,118.5797833,39.955,31,32,1,2015,182476,292,45,18.18
-20.10785333,118.5614733,39.95777778,24,40,2,2013,263055,328.05,57,18.83
-20.121705,118.5153367,39.95972222,16,27,1,2011,176536,292,45,18.3
-20.118895,118.579675,39.95972222,29,26,1,2019,207000,299.88,50,18.4
-20.13558333,118.5389967,39.95972222,23,26,1,2015,207560,299.97,50,18.47
-20.09138,118.6207767,39.96,23,28,1,2015,207562,299.97,50,18.47
-20.08545,118.5245833,39.96111111,34,33,1,2008,169676,289.9,45,17.8
-20.08048333,118.57455,39.96222222,29,30,1,2011,179700,292,45,18.2
-20.06675333,118.6297517,39.96277778,38,19,2,2013,263055,328.05,57,18.83
-20.078945,118.6056367,39.96527778,21,25,1,2013,206400,299.7,50,18.23
-20.10846667,118.5143667,39.96555556,28,33,1,2008,180180,288.93,45,18.17
-20.12107,118.5804933,39.96611111,16,29,1,2014,181513,291.98,45,18.21
-20.09244667,118.5140067,39.96777778,30,14,1,2014,181513,291.98,45,18.24
-20.11397,118.52568,39.96777778,17,27,1,2016,180981,291.98,45,18.24
-20.09303,118.6159917,39.96805556,41,18,1,2010,179435,291.97,45,18.22
-20.10377333,118.5414667,39.97027778,17,25,1,2014,207891,300,50,18.2
-20.11717167,118.5629733,39.97361111,17,26,1,2014,176247,292,45,18.3
-20.121535,118.5407683,39.97444444,15,23,2,2011,228800,324.99,52.5,18.1
-20.10702,118.5795217,39.97611111,33,28,1,2017,207392,299.88,50,18.5
-20.081995,118.5777217,39.97638889,20,26,1,2011,176320,292,45,18.3
-20.10953333,118.6083,39.97666667,17,29,1,2009,178369,292,44.98,17.98
-20.09697333,118.5628383,39.97805556,15,27,1,2008,170039,289.9,45,17.8
-20.075485,118.5286733,39.97805556,24,22,1,2010,178987,292,45,18.2
-20.11355,118.5293833,39.98055556,24,30,1,2009,178369,292,44.98,17.98
-20.09812833,118.61719,39.98194444,30,29,1,2010,182279,295,46,18.28
-20.06717667,118.6158167,39.9825,37,35,1,2016,206938,300,50,18.59
-20.11041667,118.6305083,39.98388889,21,28,1,2015,182476,292,45,18.18
-20.10741333,118.58059,39.98388889,15,30,1,2011,179469,291.97,45,18.22
-20.09446667,118.58451,39.985,23,37,1,2013,206368,299.7,50,18.23
-20.1143,118.5217817,39.98583333,26,25,1,2016,178332,292,45,16.5
-20.11966667,118.5798333,39.98583333,24,26,2,2012,228783,324.99,52.5,18.1
-20.12266667,118.633,39.98611111,26,33,1,2013,180705,292,45,18.22
-20.09415,118.61745,39.98666667,22,37,1,2009,178369,292,44.98,17.98
-20.07004333,118.6031267,39.98666667,30,30,1,2015,207560,299.97,50,18.47
-20.09656667,118.6062333,39.98694444,22,25,1,2011,207906,300,50,18.2
-20.06402833,118.56634,39.98694444,31,24,1,2017,207389,299.88,50,18.5
-20.06818167,118.6203733,39.98722222,31,28,2,2015,262214,325,57,18.7
-20.09411333,118.5094183,39.9875,17,28,1,2010,207918,299.7,50,18.23
-20.07977167,118.5078517,39.9875,33,28,1,2015,181119,291.99,45,18.3
-20.111645,118.5649583,39.98777778,23,26,1,2017,207812,299.88,50,18.5
-20.08969167,118.5291067,39.98861111,25,29,1,2011,175292,291.8,45,18.25
-20.12021667,118.5640167,39.98916667,22,31,3,2006,54881,189.99,32.26,12.52
-20.094135,118.5152233,39.99027778,35,24,1,2014,207547,299.94,50,18.27
-20.11819667,118.536575,39.99027778,21,30,1,2016,180882,292,45,18.3
-20.12264833,118.5335567,39.99055556,27,32,1,2014,207529,299.94,50,18.27
-20.09225,118.5145,39.99111111,35,28,1,2010,179719,292,45,17.92
-20.07787333,118.512165,39.99111111,28,28,1,2016,208329,299.95,50,18.4
-20.1203,118.5884667,39.99194444,36,22,1,2010,180176,288.93,45,18.17
-20.105365,118.514255,39.99222222,21,28,1,2015,209956,299.99,50,18.43
-20.11593833,118.5977283,39.99277778,30,29,2,2013,262779,328.05,57,18.83
-20.09208333,118.6180167,39.99305556,16,27,1,2010,207993,299.7,50,18.23
-20.08108167,118.6223933,39.99305556,31,31,1,2013,205938,299.92,50,18.4
-20.08307833,118.5806433,39.99361111,34,29,1,2015,207560,299.97,50,18.47
-20.09309333,118.596245,39.99416667,22,30,1,2011,178342,292,44.98,17.98
-20.11128333,118.618145,39.99472222,22,27,1,2010,178978,292,45,18.2
-20.08126833,118.5404583,39.99527778,20,30,1,2014,81005,229,32.26,14.48
-20.107385,118.60943,39.99527778,27,33,1,2011,179168,292,45,18.32
-20.06826,118.5730467,39.99666667,38,20,1,2017,208864,299.95,50,18.42
-20.08031667,118.58581,39.99777778,27,33,1,2013,181389,291.98,45,18.24
-20.0656,118.6008,39.99805556,23,26,1,2010,179255,291.97,45,18.2
-20.09420167,118.5941717,39.99833333,19,23,1,2009,169057,287.5,45,17.7
-20.10535333,118.511075,39.99861111,28,28,2,2013,262779,328.05,57,18.83
-20.06646167,118.62519,39.99888889,37,27,1,2010,169138,289.9,45,17.8
-20.07977833,118.5336383,39.99888889,19,28,1,2010,207918,299.7,50,18.23
-20.09393833,118.5808083,39.99888889,17,25,1,2016,181070,291.98,45,18.24
-20.0964,118.5843,39.99972222,19,28,1,2010,180309,288.93,45,18.17
-20.11826667,118.6134167,40,14,26,1,2011,179754,292,45,18.2
-20.129275,118.5296867,40.00027778,21,27,1,2010,32493,179.9,28.4,10.15
-20.10999333,118.621215,40.00027778,23,26,1,2014,179033,292.26,45,18.32
-20.09539833,118.5893717,40.00055556,27,30,1,2010,207918,299.7,50,18.23
-20.09714667,118.54156,40.00055556,18,30,1,2017,209756,300,50,18.4
-20.13410833,118.5398367,40.00138889,21,25,1,2011,180168,295,46,18.1
-20.12084333,118.5757233,40.00138889,22,27,1,2008,177894,292,45,18.3
-20.08070333,118.5762033,40.00194444,17,30,1,2011,182737,292,45,18.2
-20.06915833,118.574735,40.00194444,24,25,1,2015,216461,306,52,18.2
-20.1253,118.5135667,40.00194444,37,40,1,2009,179147,292,45,18.22
-20.12895167,118.5272617,40.00194444,15,24,1,2017,208827,299.95,50,18.42
-20.08458833,118.5402633,40.00222222,22,26,1,2013,180008,295,46,18.1
-20.106265,118.5788733,40.0025,27,28,1,2011,179469,291.97,45,18.22
-20.068705,118.6068033,40.00277778,16,29,1,2012,180643,291.9,45,18.07
-20.10845,118.6070333,40.00305556,24,27,1,2010,180176,288.93,45,18.17
-20.08020333,118.58633,40.00305556,21,33,1,2017,208864,299.95,50,18.42
-20.09457333,118.5435133,40.00388889,26,28,1,2018,209954,299.99,50,18.43
-20.07925333,118.52145,40.00416667,30,32,1,2012,180189,295,46,18.1
-20.092955,118.5779167,40.00444444,19,26,1,2012,181429,291.98,45,18.24
-20.10753333,118.5337667,40.00555556,16,26,1,2008,207923,299.7,50,18.23
-20.104985,118.5120617,40.00583333,25,27,1,2012,181429,291.98,45,18.24
-20.06911833,118.591475,40.00611111,26,25,1,2010,178050,292,45,18.3
-20.1058,118.5683,40.00666667,21,40,1,2009,181383,292,45,18.18
-20.105065,118.600835,40.00694444,16,23,1,2009,180373,295,46,18.1
-20.083275,118.6231367,40.00694444,39,26,1,2011,181016,292,45,18.2
-20.07905333,118.6359217,40.00694444,32,26,1,2009,178032,292,45,18.3
-20.06415833,118.61478,40.00694444,22,25,2,2018,261052,327,57,18.8
-20.09414,118.56502,40.00722222,31,25,1,2011,175800,291.8,45,18.25
-20.119935,118.50689,40.00777778,40,21,1,2016,181265,291.98,45,18.24
-20.08812333,118.5301667,40.00805556,17,25,1,2010,170022,287,45,17.7
-20.122445,118.5645583,40.00833333,21,25,1,2017,178438,292,45,16.5
-20.12249333,118.5759933,40.00861111,23,28,1,2009,169021,287.5,45,17.7
-20.10921,118.574,40.00916667,42,27,2,2013,251022,329.95,57,18.03
-20.09888167,118.5216783,40.00944444,25,24,1,2013,207435,300,50,18.2
-20.08023,118.6078733,40.00944444,23,27,1,2016,179232,292.26,45,18.32
-20.106485,118.5157417,40.00972222,32,32,2,2015,262582,327,57,18.8
-20.104495,118.52148,40.01027778,23,27,1,2013,180818,292,45,18.24
-20.13360167,118.5130117,40.01111111,18,26,1,2011,98681,239.99,38,14.48
-20.12248167,118.564185,40.01111111,21,28,1,2011,175800,291.8,45,18.25
-20.107875,118.54243,40.01194444,21,27,2,2011,297359,327,55,21.4
-20.066545,118.609405,40.01222222,23,25,1,2016,182503,292,45,18.18
-20.12385,118.60675,40.01222222,25,27,1,2010,180391,292,45,18.2
-20.11972667,118.6185383,40.01361111,20,25,1,2014,207891,300,50,18.2
-20.110055,118.5800133,40.01472222,20,38,1,2012,175620,291.8,45,18.25
-20.13780333,118.5371267,40.015,16,24,1,2013,206400,299.7,50,18.23
-20.10801,118.5357017,40.015,25,32,2,2014,262062,325,57,18.7
-20.08293333,118.6082167,40.01527778,15,26,1,2011,208001,300,50,18.2
-20.07996,118.5087767,40.01555556,28,23,1,2011,180389,294.47,46,18.1
-20.08223667,118.534615,40.01555556,35,27,1,2017,207810,299.88,50,18.5
-20.07966167,118.5396383,40.01583333,17,24,2,2011,229126,324.99,52.5,18.1
-20.10147333,118.5255017,40.01638889,21,27,1,2012,207867,300,50,18.22
-20.12313333,118.573945,40.01722222,22,30,1,2016,181070,291.98,45,18.24
-20.12467667,118.60332,40.01722222,20,26,1,2016,209551,300,50,18.4
-20.07383167,118.521155,40.0175,27,27,1,2011,181605,291.98,45,18.24
-20.06487667,118.5753967,40.0175,24,32,1,2012,205097,299.9,50,18.37
-20.10338167,118.52639,40.01777778,24,29,1,2014,207842,299.94,50,18.27
-20.12371833,118.6015083,40.01861111,28,30,1,2010,179448,292,45,18.22
-20.10540167,118.6140183,40.01916667,20,29,1,2010,179873,292,45,18.22
-20.066115,118.57484,40.01972222,36,29,1,2012,176000,292,45,18.3
-20.0803,118.5925333,40.02,25,24,1,2010,179194,291.97,45,18.2
-20.13877333,118.5347817,40.02027778,27,29,1,2009,177974,292,45,18.3
-20.08136833,118.5756933,40.02083333,17,28,1,2012,207856,300,50,18.22
-20.1235,118.5824667,40.02111111,23,26,1,2005,177005,288.97,45,17.96
-20.06550833,118.5725417,40.02222222,16,29,1,2011,95712,234.98,38,14.47
-20.09128167,118.5231533,40.02305556,27,26,1,2014,207811,300,50,18.2
-20.13637333,118.543075,40.02444444,31,25,1,2011,180300,294.47,46,18.1
-20.10573,118.57523,40.02444444,25,32,1,2017,180008,295,46,18.1
-20.06745,118.5730333,40.02527778,28,26,1,2006,171680,289,45,17.92
-20.12018333,118.5822467,40.02555556,28,17,1,2016,179481,292.26,45,18.32
-20.13103167,118.5282017,40.02666667,22,25,1,2011,176000,292,45,18.3
-20.12343167,118.62869,40.02694444,33,22,1,2016,206752,300,50,18.59
-20.06903833,118.608875,40.0275,30,29,1,2011,106661,253,43,13.6
-20.10752667,118.566585,40.0275,16,33,1,2016,180005,295,46,18.1
-20.12145833,118.5898217,40.02833333,27,32,2,2011,229126,324.99,52.5,18.1
-20.121205,118.5688733,40.02916667,18,28,2,2017,262781,327,57,18.8
-20.15315,118.5201167,40.03111111,42,20,3,2016,8825,122.2,19.8,7.2
-20.08637667,118.5283367,40.03138889,26,23,1,2009,182129,295,46,18.28
-20.09105167,118.513405,40.03166667,28,28,1,2010,181529,291.98,45,18.24
-20.06603833,118.6215167,40.03222222,28,27,1,2017,207392,299.88,50,18.5
-20.11884333,118.63048,40.0325,25,26,1,2013,107235,254.99,43,13.53
-20.06941667,118.6091667,40.0325,27,26,1,2010,180120,288.93,45,18.17
-20.0813,118.6002167,40.03388889,20,28,1,2008,106507,254.62,43,13.16
-20.07558333,118.5278,40.03388889,31,30,1,2007,180151,288.93,45,18.17
-20.11999333,118.56243,40.03944444,42,19,1,2017,180003,294.98,46,18.1
-20.1217,118.6350667,40.04027778,25,27,1,2010,207993,299.7,50,18.23
-20.08324667,118.6175,40.04111111,19,29,1,2012,178929,292,45,18.32
-20.07692667,118.5752467,40.04638889,26,26,1,2013,207435,300,50,18.2
-20.110595,118.56851,40.05055556,24,29,2,2013,263055,328.05,57,18.83
-20.068,118.5956667,40.06027778,29,29,2,2010,228990,324.99,52.5,18.1
-20.12085,118.6140167,40.06305556,20,19,1,2004,203278,299.95,50,17.91
-20.10767167,118.6031533,40.06972222,22,23,1,2011,182737,292,45,18.2
-20.10709,118.5773983,40.10944444,18,22,2,2010,228990,324.99,52.5,18.1
-20.11420333,118.5234567,40.11083333,31,23,1,2016,39765,179.99,30,10.7
-20.08373333,118.582235,40.13555556,16,28,1,2009,177799,292,45,18.3
-20.1225,118.5363667,40.14222222,24,31,1,2010,206291,299.94,50,18.1
-20.09310833,118.6143433,40.15361111,24,31,1,2011,175044,291.8,45,18.25
-20.126945,118.5218283,40.15888889,26,23,3,2017,17625,130.94,23,9.92
-20.12275833,118.5137817,40.32166667,18,20,1,2014,207891,300,50,18.2
-20.06966,118.6159017,40.76333333,19,26,1,2016,179232,292.26,45,18.32
-20.08177333,118.61713,41.18055556,25,32,1,2005,18828,139.92,25,8.44
-20.12662167,118.518905,41.31972222,27,27,1,2012,206125,299.92,50,18.4
-20.08102333,118.5069,45.17055556,38,36,1,2017,209249,299.95,50,18.4
-20.119685,118.5789317,47.93638889,31,27,2,2014,250895,329.95,57,18.02
-20.09287,118.5667233,47.96,23,28,1,2016,181162,291.98,45,18.24
-20.13635167,118.54152,47.96,27,26,1,2013,209869,299.99,50,18.43
-20.110145,118.5897017,47.96027778,19,27,1,2017,208864,299.95,50,18.42
-20.10815,118.61475,47.96138889,29,28,1,2009,206312,299.94,50,18.1
-20.11748833,118.5105467,47.96388889,24,32,1,2013,176532,292,45,18.3
-20.11984167,118.53504,47.96388889,23,27,1,2017,207810,299.88,50,18.5
-20.13836167,118.5406267,47.96416667,35,28,1,2014,180364,295,46,18.1
-20.08008667,118.5896067,47.96777778,16,20,1,2014,209749,299.99,50,18.43
-20.09671833,118.515325,47.96916667,24,21,1,2010,115910,255.28,43,14.5
-20.09567833,118.5873667,47.97277778,27,29,1,2016,182981,291.95,45,18.25
-20.12095667,118.5602233,47.97333333,14,25,1,2016,180882,292,45,18.3
-20.07816667,118.5128333,47.97361111,34,31,1,2010,93274,230,38,14.9
-20.13590667,118.542,47.97361111,27,29,1,2015,179667,295,46,18.1
-20.09378167,118.566735,47.97444444,15,33,2,2014,250895,329.95,57,18.02
-20.10638333,118.5651167,47.975,13,23,1,2005,177005,288.97,45,17.96
-20.10752167,118.5136967,47.97694444,21,40,1,2014,115088,254,43,14.5
-20.11947667,118.5774883,47.97694444,20,27,2,2014,250868,329.95,57,18.02
-20.1124,118.5423717,47.97722222,25,28,2,2016,250292,325,57,18
-20.06639,118.57132,47.98,36,27,1,2016,208384,299.95,50,18.4
-20.09218667,118.536015,47.98111111,17,26,1,2012,180643,291.9,45,18.07
-20.088815,118.5267017,47.98138889,20,29,1,2014,179033,292.26,45,18.32
-20.08122667,118.51327,47.9825,22,28,1,2017,209756,300,50,18.4
-20.06634833,118.58767,47.98305556,21,21,1,2014,206070,299.92,50.01,18.47
-20.097835,118.5613317,47.98361111,29,31,1,2015,182472,291.9,45,18.15
-20.11778333,118.5357667,47.98472222,28,31,1,2011,175850,291.8,45,18.25
-20.08825833,118.5249717,47.985,32,28,1,2011,93246,229.2,38,14.9
-20.11299333,118.5918183,47.98527778,23,29,1,2015,205471,299.95,50,18.25
-20.10554,118.5826567,47.98583333,22,29,1,2009,177933,292,45,18.3
-20.12133333,118.6214867,47.98666667,38,29,3,2011,8499,112.21,19,7.6
-20.105775,118.6173283,47.98666667,34,25,1,2010,182143,295,46,18.29
-20.08606667,118.5089533,47.98694444,21,29,1,2015,180528,291.9,45,18.07
-20.09629833,118.5396717,47.98777778,15,29,1,2006,173624,289,45,18.22
-20.09237667,118.6160367,47.98833333,20,29,1,2010,180423,294.47,46,18.1
-20.12216333,118.6079917,47.98833333,23,30,1,2018,207555,299.88,50,18.5
-20.09419833,118.5370417,47.98888889,31,38,2,2008,228627,319.58,54,18.1
-20.10572833,118.5686183,47.98888889,25,30,1,2013,207422,300,50,18.2
-20.0823,118.62221,47.98944444,30,28,1,2013,95717,234.98,38,14.47
-20.12121667,118.5818333,47.98944444,27,29,1,2009,174788,289.98,45,18.03
-20.11534667,118.5284917,47.99,30,31,1,2012,95379,235,38,14.7
-20.1051,118.5610833,47.99,16,26,1,2005,203163,299.95,50,17.91
-20.07500333,118.5254267,47.99083333,35,28,2,2013,263055,328.05,57,18.83
-20.12300167,118.56735,47.99111111,23,27,1,2016,182644,292,45,18.18
-20.06173333,118.571675,47.9925,28,24,1,2015,180025,292,45,18.3
-20.13738167,118.5423,47.9925,18,27,1,2014,181055,292,45,18.3
-20.09670333,118.6346567,47.99444444,24,28,1,2010,176104,291.8,45,18.25
-20.110485,118.5403017,47.99444444,22,30,1,2017,209190,299.95,50,18.4
-20.139695,118.53906,47.99472222,32,25,1,2017,208864,299.95,50,18.42
-20.118415,118.6060817,47.99583333,27,29,1,2015,182481,292,45,18.15
-20.09294,118.6366917,47.99638889,19,12,2,2012,228749,324.99,52.5,18.1
-20.0956,118.5173167,47.9975,19,23,1,2011,114437,255,43,14.5
-20.1259,118.5664,47.9975,30,25,1,2005,175500,289,45,18.2
-20.108845,118.5816467,47.99777778,36,26,1,2017,209473,300,50,18.42
-20.10620333,118.5619733,47.99805556,24,28,1,2013,180032,295,46,18.1
-20.13533667,118.5104467,47.99833333,21,37,1,2016,209900,299.99,50,18.43
-20.13958,118.5078817,47.99861111,37,28,1,2012,179213,291.97,45,18.22
-20.12033167,118.5609683,47.99972222,22,27,1,2006,203280,299.95,50,17.91
-20.069785,118.6065367,47.99972222,31,26,2,2013,251022,329.95,57,18.03
-20.12362333,118.632355,48.00055556,32,26,2,2016,250292,325,57,18
-20.1075,118.5416317,48.00083333,40,20,1,2016,182620,292,45,18.15
-20.08040333,118.6174717,48.00083333,31,25,1,2014,207547,299.94,50,18.27
-20.12039667,118.6086717,48.00138889,40,21,2,2008,229117,319.58,54,18.1
-20.09546,118.51319,48.00166667,32,31,1,2012,207867,300,50,18.22
-20.087635,118.5211017,48.0025,24,27,1,2011,180300,294.47,46,18.1
-20.09710667,118.5724633,48.00305556,38,27,1,2009,207955,299.7,50,18.23
-20.070085,118.609305,48.00361111,18,33,1,2010,178050,292,45,18.3
-20.12254333,118.6212133,48.00416667,26,24,1,2010,170018,287,45,17.7
-20.10713333,118.5818167,48.00416667,28,18,1,2010,179255,291.97,45,18.2
-20.10486667,118.5809117,48.00444444,28,27,1,2014,207529,299.94,50,18.27
-20.06336333,118.6086383,48.00444444,30,31,1,2017,180874,292,45,18.3
-20.13623333,118.5067,48.00472222,41,22,1,2011,175850,291.8,45,18.25
-20.11544167,118.5283483,48.00527778,37,29,3,2008,51277,183,32.2,12.9
-20.09728167,118.5876833,48.00583333,15,28,1,2011,207725,299.7,50,18.23
-20.12050667,118.5102783,48.00611111,20,27,2,2017,260911,327,57,18.8
-20.15011667,118.5403083,48.00638889,34,32,1,2012,206629,299.7,50,18.23
-20.10833333,118.5348333,48.00666667,16,27,1,2013,180705,292,45,18.22
-20.08083833,118.5893633,48.00666667,31,28,1,2015,207562,299.97,50,18.47
-20.08273333,118.5403167,48.00694444,19,26,1,2009,180018,292,45,17.92
-20.08234,118.5813433,48.00722222,22,30,1,2013,207422,300,50,18.2
-20.08047333,118.5105533,48.00888889,29,27,1,2009,180406,294.91,46,18.1
-20.07126833,118.6217183,48.00888889,23,29,1,2011,181458,291.98,45,18.24
-20.10842833,118.6157583,48.00888889,36,15,1,2016,206752,300,50,18.59
-20.12724167,118.52042,48.00916667,15,29,1,2007,54316,189.99,32.26,12.6
-20.08928,118.521385,48.00916667,31,25,1,2009,179223,291.97,45,18.2
-20.092855,118.57518,48.00944444,27,32,1,2010,180079,295,46,18.1
-20.12221167,118.5600133,48.01,29,29,1,2010,177921,292,45,18.3
-20.06758667,118.5761383,48.01138889,30,29,2,2015,250345,325,57,18
-20.10868333,118.5946167,48.01222222,20,25,1,2009,178369,292,44.98,17.98
-20.105705,118.5383317,48.0125,25,28,2,2017,262000,325,57,18
-20.09700833,118.5694267,48.01305556,18,22,2,2014,250895,329.95,57,18.02
-20.12201167,118.56736,48.01305556,14,22,1,2013,207664,300,50,18.2
-20.11946667,118.53318,48.01388889,20,24,1,2016,208329,299.95,50,18.4
-20.09221333,118.5079,48.01472222,28,28,1,2010,180407,295,46,18.1
-20.13987833,118.541525,48.01527778,22,25,1,2013,180032,295,46,18.1
-20.07767667,118.5757933,48.01611111,14,26,2,2012,251059,329.95,57,18.02
-20.08292333,118.5823817,48.01638889,22,36,1,2015,209956,299.99,50,18.43
-20.094775,118.5948333,48.01722222,27,23,1,2008,177030,292,45,18.32
-20.09454333,118.5390517,48.0175,13,25,1,2015,207560,299.97,50,18.47
-20.10850667,118.5342967,48.01805556,23,29,1,2012,203067,299.95,49,18.35
-20.07841,118.5904083,48.01972222,27,25,1,2015,216656,306,52,18.2
-20.10481167,118.57855,48.01972222,23,30,1,2015,207219,299.94,50,18.27
-20.12271667,118.5137667,48.02,39,14,1,2010,175858,291.8,45,18.25
-20.10698167,118.5343317,48.02138889,39,18,1,2018,208660,299.9,50,18.27
-20.10723333,118.57875,48.02222222,32,33,1,2006,176996,288.97,45,17.96
-20.067085,118.5923533,48.02277778,31,31,1,2011,176320,292,45,18.3
-20.09215333,118.5662467,48.02305556,19,24,1,2016,207765,299.88,50,18.5
-20.121185,118.5664417,48.02444444,23,23,1,2012,93025,229.17,38,14.9
-20.1232,118.5920183,48.02666667,42,21,1,2016,207765,299.88,50,18.5
-20.10727833,118.5957083,48.02722222,19,26,1,2012,206117,299.92,50,18.4
-20.08407,118.638195,48.02972222,32,32,1,2012,179322,292,45,18.32
-20.1069,118.5132,48.03083333,35,12,1,2008,106506,254.62,43,13.16
-20.10553333,118.56595,48.03138889,29,28,1,2011,179700,292,45,18.2
-20.07115333,118.5953833,48.03166667,40,14,1,2012,181415,291.98,45,18.24
-20.10775,118.5744333,48.03222222,14,19,1,2007,206190,299.94,50,18.1
-20.10777833,118.5683867,48.03277778,29,32,1,2016,209114,299.95,50,18.4
-20.135695,118.5128883,48.03305556,25,30,3,2019,49997,182.5,32.2,13.1
-20.1405,118.5409233,48.03388889,14,30,1,2011,180407,294.47,46,18.1
-20.13583333,118.5405583,48.03666667,17,36,1,2011,107392,254.99,43,13.53
-20.121935,118.604185,48.03722222,29,38,1,2010,181529,291.98,45,18.24
-20.07645833,118.5294783,48.04305556,29,28,1,2016,180005,295,46,18.1
-20.07882333,118.5374183,48.04611111,26,26,1,2015,179354,292,45,18.32
-20.08115,118.51445,48.04722222,18,30,1,2011,207978,300,50,18.2
-20.12355,118.62131,48.05444444,23,25,1,2015,179656,291.86,45,18.3
-20.08261833,118.5797067,48.06083333,19,30,2,2015,262214,325,57,18.7
-20.06985,118.6066,48.06388889,32,23,1,2009,174788,289.98,45,18.03
-20.08256667,118.5159333,48.07055556,38,23,1,2005,206237,299.94,50,18.1
-20.08416667,118.6212,48.07388889,23,25,1,2007,203512,299.9,50,18.1
-20.09509167,118.6210317,48.08805556,17,21,1,2012,179407,292,45,18.2
-20.08201333,118.50676,48.09027778,21,31,1,2016,179258,291.97,45.05,18.22
-20.13553333,118.541025,48.15833333,15,28,1,2009,169001,287.5,45,17.7
-20.09615833,118.5817133,48.32833333,22,26,1,2012,180125,295,46,18.1
-20.12217833,118.6025333,48.40138889,36,15,1,2015,179354,292,45,18.32
-20.09148333,118.5751667,49.20972222,16,28,1,2010,179701,292,45,18.2